entry_code,entry_type_code,entry_type_name,entry_type_name_zh,entry_name_zh,entry_name_en,n_records,n_people,first_year,last_year,n_valid_year_records,semantic_category,government_entry_confidence,include_target_v2_candidate,include_target_v2b_candidate,reason,manual_review_needed
-1,,,,[Missing Data],[Missing Data],0,0,,,0,unknown,NONE,False,False,"Official type/description is unknown, temporary, deprecated, or unmapped.",True
0,00,Unknown Method of Entry,未知入仕途徑,未知,not available or applicable,10,10,1112.0,1840.0,7,unknown,NONE,False,False,"Official type/description is unknown, temporary, deprecated, or unmapped.",True
1,01,Palace,宮廷門,前帝遜位,abdication of previous emperor,9,9,335.0,1449.0,9,ambiguous,LOW,False,False,Official type is semantically heterogeneous or not sufficient to infer government entry.,True
4,99,Temp,Temp,臨時保留，待考。,To be Deleted: betrothal,4,4,1223.0,1814.0,2,unknown,NONE,False,False,"Official type/description is unknown, temporary, deprecated, or unmapped.",True
5,90,Other Method of Entry,其他入仕途徑,胥吏出職,promotion from clerical positions,84,84,946.0,1341.0,58,direct_appointment,HIGH,True,True,"Description within the Other branch explicitly indicates office, appointment, or promotion.",False
7,12,Purchase,進納門,進納補官(捐授),purchase,48,48,1162.0,1799.0,6,purchase_or_donation,HIGH,True,True,Official taxonomy and description identify purchase/donation as the route.,False
8,06,Yin Privilege,恩蔭門,恩蔭: 大禮蔭補,yin privilege: Grand Sacrifice,59,59,973.0,1316.0,24,hereditary_or_yin_privilege,HIGH,True,True,Official taxonomy identifies kinship/yin privilege; strict inclusion requires explicit office/rank succession rather than clan or student status alone.,False
12,01,Palace,宮廷門,廢前帝自立,deposed previous emperor,2,2,558.0,1122.0,2,ambiguous,LOW,False,False,Official type is semantically heterogeneous or not sufficient to infer government entry.,True
13,10,Specialized Talents,技進門,畫院待詔,direct appointment to painting academy,8,8,,,0,direct_appointment,HIGH,True,True,Specialized/grace/surrender route has description-level evidence of an office or appointment.,False
14,07,Recruitment,徵召門,徵辟,imperial summons,866,865,-140.0,1794.0,197,direct_appointment,HIGH,True,True,Official taxonomy identifies summons/recruitment; the description records direct recruitment or appointment.,False
15,07,Recruitment,徵召門,募入軍伍,direct recruitment into military service,294,294,875.0,1874.0,17,direct_appointment,HIGH,True,True,Official taxonomy identifies summons/recruitment; the description records direct recruitment or appointment.,False
16,99,Temp,Temp,待刪除(内容多種，未知所屬，故臨時保留)。,To be Deleted: edict of grace,0,0,,,0,unknown,NONE,False,False,"Official type/description is unknown, temporary, deprecated, or unmapped.",True
20,01,Palace,宮廷門,開國君主,emperor or king (dynastic founder),23,23,-206.0,1368.0,22,ambiguous,LOW,False,False,"Palace, honorific, dynastic, or religious status does not by itself establish bureaucratic entry.",True
21,90,Other Method of Entry,其他入仕途徑,封土建藩(始封),enfeoffment,51,51,122.0,1403.0,10,ambiguous,LOW,False,False,The broad Other branch and description do not establish a uniform government-entry event.,True
22,0503,Tribute Students,貢生門,貢生: 恩貢,tribute student: by grace,2011,2010,11.0,1909.0,78,school_or_student_status,LOW,False,False,"Official taxonomy identifies a school, student, licentiate, academy, or tribute-student status; this is not automatically an appointment.",True
24,01,Palace,宮廷門,冊封爲妃嬪,investiture as imperial concubine,12,12,650.0,1492.0,8,ambiguous,LOW,False,False,"Palace, honorific, dynastic, or religious status does not by itself establish bureaucratic entry.",True
26,0401,Regular Examination,正常科舉,科舉 (籠統),examination: general,106,106,838.0,1909.0,64,exam_degree,MEDIUM,True,False,Official taxonomy places the code in an examination branch; confidence is high only when the description explicitly signals a passed degree/graduate outcome.,True
27,0402,Occasional Examination,非經常科舉,科舉制舉: 童子舉,examination: child prodigy exam,226,226,984.0,1823.0,104,exam_degree,MEDIUM,True,False,Official taxonomy places the code in an examination branch; confidence is high only when the description explicitly signals a passed degree/graduate outcome.,True
28,0403,Decree Examination,制舉,科舉: 制舉 (籠統),examination: decree exams (general),86,86,-80.0,1679.0,37,exam_degree,MEDIUM,True,False,Official taxonomy places the code in an examination branch; confidence is high only when the description explicitly signals a passed degree/graduate outcome.,True
29,0401,Regular Examination,正常科舉,科舉: 特奏名進士、特奏名諸科 、大挑,examination: jinshi or zhuke (facilitated degree),4280,4279,5.0,1872.0,4210,exam_degree,HIGH,True,True,Official taxonomy places the code in an examination branch; confidence is high only when the description explicitly signals a passed degree/graduate outcome.,False
32,15,Failed Pursuit of Office,求官不得門,科舉: 舉制科不第,examination: failed decree exam,11,11,1069.0,1186.0,2,failed_entry,NONE,False,False,Official entry type or description explicitly records an unsuccessful pursuit/examination.,False
33,15,Failed Pursuit of Office,求官不得門,科舉: 舉進士、諸科不第,examination: failed jinshi or zhuke exams,170,170,931.0,1604.0,12,failed_entry,NONE,False,False,Official entry type or description explicitly records an unsuccessful pursuit/examination.,False
34,040102,Juren Examinations,舉人科,科舉: 漕試舉人,examination: fiscal intendent exam (caoshi),17,17,1247.0,1705.0,3,exam_degree,HIGH,True,True,Official taxonomy places the code in an examination branch; confidence is high only when the description explicitly signals a passed degree/graduate outcome.,False
36,040101,Jinshi Examinations,進士類,科舉: 進士(籠統),examination: jinshi (general),92572,90718,5.0,1905.0,82865,exam_degree,HIGH,True,True,Official taxonomy places the code in an examination branch; confidence is high only when the description explicitly signals a passed degree/graduate outcome.,False
37,040101,Jinshi Examinations,進士類,科舉: 進士(八行科),examination: jinshi (eight conducts),7,7,1108.0,1209.0,3,exam_degree,HIGH,True,True,Official taxonomy places the code in an examination branch; confidence is high only when the description explicitly signals a passed degree/graduate outcome.,False
39,040102,Juren Examinations,舉人科,科舉: 鄉貢舉人,examination: juren (prefect or provincial graduates),56882,56784,11.0,1910.0,6695,exam_degree,HIGH,True,True,Official taxonomy places the code in an examination branch; confidence is high only when the description explicitly signals a passed degree/graduate outcome.,False
42,0401,Regular Examination,正常科舉,科舉: 明法,examination: law (mingfa),15,15,1145.0,1561.0,4,exam_degree,MEDIUM,True,False,Official taxonomy places the code in an examination branch; confidence is high only when the description explicitly signals a passed degree/graduate outcome.,True
43,0402,Occasional Examination,非經常科舉,科舉: 醫科,examination: medical,1,1,,,0,exam_degree,MEDIUM,True,False,Official taxonomy places the code in an examination branch; confidence is high only when the description explicitly signals a passed degree/graduate outcome.,True
44,0401,Regular Examination,正常科舉,科舉: 武舉進士,examination: military jinshi (wuju),1599,1586,10.0,1889.0,1322,exam_degree,HIGH,True,True,Official taxonomy places the code in an examination branch; confidence is high only when the description explicitly signals a passed degree/graduate outcome.,False
46,040102,Juren Examinations,舉人科,科舉: 武舉人,examination: military juren (wuju),302,301,1163.0,1885.0,174,exam_degree,HIGH,True,True,Official taxonomy places the code in an examination branch; confidence is high only when the description explicitly signals a passed degree/graduate outcome.,False
47,040103,Licenciate,生員,學校: 生員(庠生),school: licentiate,16951,16949,650.0,1895.0,76,school_or_student_status,LOW,False,False,"Official taxonomy identifies a school, student, licentiate, academy, or tribute-student status; this is not automatically an appointment.",True
48,0401,Regular Examination,正常科舉,科舉: 正奏名諸科(不含明經、明法),"examination: various subjects(zhuke) (mingjing, mingfa excluded)",257,257,-51.0,1386.0,151,exam_degree,MEDIUM,True,False,Official taxonomy places the code in an examination branch; confidence is high only when the description explicitly signals a passed degree/graduate outcome.,True
50,0501,Students in Schools,學生門,學校: 上舍及第,school: degree granted to top Upper Hall students,379,379,989.0,1348.0,337,school_or_student_status,LOW,False,False,"Official taxonomy identifies a school, student, licentiate, academy, or tribute-student status; this is not automatically an appointment.",True
52,0403,Decree Examination,制舉,科舉制舉: 秀才(宋及以前),xiucai (before the Song),53,53,559.0,1880.0,28,exam_degree,MEDIUM,True,False,Official taxonomy places the code in an examination branch; confidence is high only when the description explicitly signals a passed degree/graduate outcome.,True
54,13,Decree of Special Grace,特旨門,科舉學校: 恩賜出身、特賜出身等,examination or school: degree granted by grace,679,676,960.0,1839.0,622,other_clear_entry,MEDIUM,True,False,"Official taxonomy records another institutional route, but description does not independently confirm appointment.",True
57,13,Decree of Special Grace,特旨門,以耆行等賜爵,"granted honorific title (b/c advanced age, righteous conducts, literary talents, etc.)",13,13,,,0,ambiguous,LOW,False,False,"Palace, honorific, dynastic, or religious status does not by itself establish bureaucratic entry.",True
59,06,Yin Privilege,恩蔭門,恩蔭: 遺表蔭補,yin privilege: on death of,123,123,246.0,1626.0,76,hereditary_or_yin_privilege,HIGH,True,True,Official taxonomy identifies kinship/yin privilege; strict inclusion requires explicit office/rank succession rather than clan or student status alone.,False
60,06,Yin Privilege,恩蔭門,恩蔭: 致仕蔭補,yin privilege: on retirement of,29,29,1148.0,1261.0,5,hereditary_or_yin_privilege,HIGH,True,True,Official taxonomy identifies kinship/yin privilege; strict inclusion requires explicit office/rank succession rather than clan or student status alone.,False
62,06,Yin Privilege,恩蔭門,恩蔭: 死事蔭補,yin privilege: when relative killed for dynastic cause,52,52,739.0,1126.0,20,hereditary_or_yin_privilege,HIGH,True,True,Official taxonomy identifies kinship/yin privilege; strict inclusion requires explicit office/rank succession rather than clan or student status alone.,False
64,02,Kinship,血親門,世襲(替),rank or office by inheritance,1557,1556,243.0,1721.0,137,hereditary_or_yin_privilege,HIGH,True,True,Official taxonomy identifies kinship/yin privilege; strict inclusion requires explicit office/rank succession rather than clan or student status alone.,False
69,01,Palace,宮廷門,冊封爲皇后,investiture as empress,29,29,1.0,1195.0,22,ambiguous,LOW,False,False,"Palace, honorific, dynastic, or religious status does not by itself establish bureaucratic entry.",True
70,01,Palace,宮廷門,立儲,investiture as heir apparent,27,27,-180.0,1620.0,23,ambiguous,LOW,False,False,"Palace, honorific, dynastic, or religious status does not by itself establish bureaucratic entry.",True
72,03,Marriage,姻親門,其他與皇室聯姻關係,other affinal relations with imperial family,3,3,605.0,605.0,1,ambiguous,LOW,False,False,Official type is semantically heterogeneous or not sufficient to infer government entry.,True
73,03,Marriage,姻親門,尚宗女 = 駙馬,marriage to imperial princess,42,42,465.0,1008.0,4,ambiguous,LOW,False,False,Official type is semantically heterogeneous or not sufficient to infer government entry.,True
74,02,Kinship,血親門,宗子該恩,grace given to imperial clan,538,538,976.0,1142.0,24,hereditary_or_yin_privilege,MEDIUM,True,False,Official taxonomy identifies kinship/yin privilege; strict inclusion requires explicit office/rank succession rather than clan or student status alone.,True
77,09,Military Merit,軍功補授門,軍員轉補,military merit: military service or distinction in battle,183,183,949.0,1262.0,12,military_entry,HIGH,True,True,Official taxonomy identifies military merit or military appointment as the route.,False
78,0501,Students in Schools,學生門,學校: 武學博士,school: military university degree,1,1,,,0,school_or_student_status,LOW,False,False,"Official taxonomy identifies a school, student, licentiate, academy, or tribute-student status; this is not automatically an appointment.",True
80,11,Surrender,歸降門,歸明歸正補官,office because returned to allegiance,9,9,978.0,1387.0,5,direct_appointment,HIGH,True,True,Specialized/grace/surrender route has description-level evidence of an office or appointment.,False
83,10,Specialized Talents,技進門,以文學、文藝補官,office granted for literary or artistic skill,16,16,1355.0,1370.0,2,direct_appointment,HIGH,True,True,Specialized/grace/surrender route has description-level evidence of an office or appointment.,False
90,14,Religion,宗教門,得度,religion: ordination as monk,42,42,980.0,1564.0,8,ambiguous,LOW,False,False,"Palace, honorific, dynastic, or religious status does not by itself establish bureaucratic entry.",True
91,09,Military Merit,軍功補授門,軍功補官,military merit: organizing a militia and other merits,65,65,869.0,1363.0,13,military_entry,HIGH,True,True,Official taxonomy identifies military merit or military appointment as the route.,False
92,01,Palace,宮廷門,割據自立,personal declaration,27,26,229.0,1658.0,23,ambiguous,LOW,False,False,"Palace, honorific, dynastic, or religious status does not by itself establish bureaucratic entry.",True
94,13,Decree of Special Grace,特旨門,封贈,honorific title based on merit of relative,1339,1338,1.0,1796.0,180,ambiguous,LOW,False,False,"Palace, honorific, dynastic, or religious status does not by itself establish bureaucratic entry.",True
96,16;90,Seven Specials; Other Method of Entry,七色補官門; 其他入仕途徑,上書獻頌,7 specials: presentation of writings to the throne,26,26,957.0,1313.0,7,other_clear_entry,MEDIUM,True,False,"Official taxonomy records another institutional route, but description does not independently confirm appointment.",True
101,08,Recommendation,薦舉門,"薦舉 (保任,保舉)",recommendation,891,886,181.0,1810.0,247,recommendation,HIGH,True,True,Official taxonomy identifies recommendation as the entry route.,False
105,11,Surrender,歸降門,納土授官,repealed independence of local regime and swore allegience to new dynasty,15,14,618.0,978.0,9,direct_appointment,HIGH,True,True,Specialized/grace/surrender route has description-level evidence of an office or appointment.,False
107,07,Recruitment,徵召門,辟爲幕僚,employed as secretary,27,27,766.0,1210.0,7,direct_appointment,HIGH,True,True,Official taxonomy identifies summons/recruitment; the description records direct recruitment or appointment.,False
109,0503,Tribute Students,貢生門,"貢生 = 貢監生(籠統) (明清賓貢,功貢)",tribute student: general,3900,3898,8.0,1879.0,97,school_or_student_status,LOW,False,False,"Official taxonomy identifies a school, student, licentiate, academy, or tribute-student status; this is not automatically an appointment.",True
110,0502,Imperial Academy Students,監生門,監生(籠統),Imperial Academy student: general,28108,28107,1390.0,1889.0,34,school_or_student_status,LOW,False,False,"Official taxonomy identifies a school, student, licentiate, academy, or tribute-student status; this is not automatically an appointment.",True
111,0503,Tribute Students,貢生門,貢生: 歲貢、常貢、挨貢,tribute student: annual routine,2183,2183,14.0,1902.0,97,school_or_student_status,LOW,False,False,"Official taxonomy identifies a school, student, licentiate, academy, or tribute-student status; this is not automatically an appointment.",True
112,01,Palace,宮廷門,繼位,succession,162,162,-194.0,1627.0,142,ambiguous,LOW,False,False,Official type is semantically heterogeneous or not sufficient to infer government entry.,True
113,01,Palace,宮廷門,弑君自立,succession through assassination,13,13,252.0,942.0,9,ambiguous,LOW,False,False,Official type is semantically heterogeneous or not sufficient to infer government entry.,True
114,11,Surrender,歸降門,易代變節,surrender when dynasty changes,24,24,623.0,1234.0,9,other_clear_entry,MEDIUM,True,False,"Official taxonomy records another institutional route, but description does not independently confirm appointment.",True
116,10,Specialized Talents,技進門,以方技進,specialized techniques (fangji),5,5,,,0,other_clear_entry,MEDIUM,True,False,"Official taxonomy records another institutional route, but description does not independently confirm appointment.",True
118,06,Yin Privilege,恩蔭門,恩蔭、蔭補(籠統),yin privilege: general,1973,1965,623.0,1814.0,201,hereditary_or_yin_privilege,HIGH,True,True,Official taxonomy identifies kinship/yin privilege; strict inclusion requires explicit office/rank succession rather than clan or student status alone.,False
124,040101,Jinshi Examinations,進士類,科舉: 國子監進士,examination: jinshi (from Imperial Academy graduates),12,12,1258.0,1532.0,2,exam_degree,HIGH,True,True,Official taxonomy places the code in an examination branch; confidence is high only when the description explicitly signals a passed degree/graduate outcome.,False
130,0401,Regular Examination,正常科舉,科舉: 詞科,examination: literary exams,27,27,1014.0,1247.0,15,exam_degree,MEDIUM,True,False,Official taxonomy places the code in an examination branch; confidence is high only when the description explicitly signals a passed degree/graduate outcome.,True
132,16;90,Seven Specials; Other Method of Entry,七色補官門; 其他入仕途徑,雜色補授 (籠統),7 specials: general,9,9,,,0,other_clear_entry,MEDIUM,True,False,"Official taxonomy records another institutional route, but description does not independently confirm appointment.",True
135,90,Other Method of Entry,其他入仕途徑,攝官轉正,promotion from irregular status officials in Guangnan,0,0,,,0,direct_appointment,HIGH,True,True,"Description within the Other branch explicitly indicates office, appointment, or promotion.",False
137,13,Decree of Special Grace,特旨門,特賜補官、准赦文除授等,office (not degree) granted by special grace,126,126,994.0,1346.0,28,failed_entry,NONE,False,False,Official entry type or description explicitly records an unsuccessful pursuit/examination.,False
138,06,Yin Privilege,恩蔭門,恩蔭: 聖節蔭補,yin privilege: on Emperor's birthday,5,5,1040.0,1051.0,3,hereditary_or_yin_privilege,HIGH,True,True,Official taxonomy identifies kinship/yin privilege; strict inclusion requires explicit office/rank succession rather than clan or student status alone.,False
139,09,Military Merit,軍功補授門,軍功補授(籠統)(軍功),military merit: general,784,784,,,0,military_entry,HIGH,True,True,Official taxonomy identifies military merit or military appointment as the route.,False
140,09,Military Merit,軍功補授門,揀汰軍人補授,military merit: recruitment from demobilized military men,0,0,,,0,military_entry,HIGH,True,True,Official taxonomy identifies military merit or military appointment as the route.,False
141,09,Military Merit,軍功補授門,招降補官,military merit: recruitment of rebels who returned to allegiance,4,4,965.0,965.0,1,military_entry,HIGH,True,True,Official taxonomy identifies military merit or military appointment as the route.,False
142,09,Military Merit,軍功補授門,保甲補官,military merit: recruitment from baojia leaders,0,0,,,0,military_entry,HIGH,True,True,Official taxonomy identifies military merit or military appointment as the route.,False
143,09,Military Merit,軍功補授門,借補入官,military merit: recognition of unofficial appointment,0,0,,,0,military_entry,HIGH,True,True,Official taxonomy identifies military merit or military appointment as the route.,False
144,03;16,Marriage; Seven Specials,姻親門; 七色補官門,宗室女夫曾得解者,7 specials: son-in-law of imperial clansmen (who once passed the juren exam),0,0,,,0,ambiguous,LOW,False,False,Multiple official type mappings conflict or provide insufficient appointment semantics.,True
145,03;16,Marriage; Seven Specials,姻親門; 七色補官門,戚里女夫及捧香,7 specials: son-in-law and relative of imperial affine,1,1,,,0,ambiguous,LOW,False,False,Multiple official type mappings conflict or provide insufficient appointment semantics.,True
146,03;16,Marriage; Seven Specials,姻親門; 七色補官門,異姓恩澤,7 specials: affine of official above the 5th mourning grade,0,0,,,0,ambiguous,LOW,False,False,Multiple official type mappings conflict or provide insufficient appointment semantics.,True
147,16;90,Seven Specials; Other Method of Entry,七色補官門; 其他入仕途徑,陣亡人女夫,7 specials: son-in-law of one who died in the battlefield,0,0,,,0,other_clear_entry,MEDIUM,True,False,"Official taxonomy records another institutional route, but description does not independently confirm appointment.",True
149,16;90,Seven Specials; Other Method of Entry,七色補官門; 其他入仕途徑,隨奉使補官,7 specials: accompanying diplomat to foreign court,0,0,,,0,direct_appointment,HIGH,True,True,Specialized/grace/surrender route has description-level evidence of an office or appointment.,False
150,16;90,Seven Specials; Other Method of Entry,七色補官門; 其他入仕途徑,吏人特恩減年,7 specials: grace to clerks with reduced tenure years,0,0,,,0,other_clear_entry,MEDIUM,True,False,"Official taxonomy records another institutional route, but description does not independently confirm appointment.",True
152,0503,Tribute Students,貢生門,貢生: 拔貢,tribute student: selected,7286,7281,1575.0,1897.0,239,school_or_student_status,LOW,False,False,"Official taxonomy identifies a school, student, licentiate, academy, or tribute-student status; this is not automatically an appointment.",True
153,0503,Tribute Students,貢生門,貢生: 選貢(優貢 after 1628),tribute student: distinguished,326,326,1461.0,1906.0,26,school_or_student_status,LOW,False,False,"Official taxonomy identifies a school, student, licentiate, academy, or tribute-student status; this is not automatically an appointment.",True
154,0503,Tribute Students,貢生門,貢生: 副貢,tribute student: appended,896,896,1588.0,1903.0,55,school_or_student_status,LOW,False,False,"Official taxonomy identifies a school, student, licentiate, academy, or tribute-student status; this is not automatically an appointment.",True
155,0503,Tribute Students,貢生門,"貢生: 納貢(例貢,增貢,捐貢)",tribute student: by purchase,1015,1015,1544.0,1873.0,4,school_or_student_status,LOW,False,False,"Official taxonomy identifies a school, student, licentiate, academy, or tribute-student status; this is not automatically an appointment.",True
156,0502,Imperial Academy Students,監生門,監生: 舉監,Imperial Academy student: as juren,1,1,1759.0,1759.0,1,school_or_student_status,LOW,False,False,"Official taxonomy identifies a school, student, licentiate, academy, or tribute-student status; this is not automatically an appointment.",True
157,0502,Imperial Academy Students,監生門,監生: 蔭監(含明代官生、恩生，或清代恩廕生、難廕生),Imperial Academy student: by yin privilege,574,574,1623.0,1899.0,11,school_or_student_status,LOW,False,False,"Official taxonomy identifies a school, student, licentiate, academy, or tribute-student status; this is not automatically an appointment.",True
158,0502,Imperial Academy Students,監生門,監生: 例監(附監生),Imperial Academy student: by purchase,737,737,1643.0,1896.0,11,school_or_student_status,LOW,False,False,"Official taxonomy identifies a school, student, licentiate, academy, or tribute-student status; this is not automatically an appointment.",True
159,0502,Imperial Academy Students,監生門,監生: 恩監,Imperial Academy student: by grace,6,6,,,0,school_or_student_status,LOW,False,False,"Official taxonomy identifies a school, student, licentiate, academy, or tribute-student status; this is not automatically an appointment.",True
160,0503,Tribute Students,貢生門,監生: 優監,Imperial Academy student: distinguished,0,0,,,0,school_or_student_status,LOW,False,False,"Official taxonomy identifies a school, student, licentiate, academy, or tribute-student status; this is not automatically an appointment.",True
161,0401,Regular Examination,正常科舉,科舉: 明經,examination: mingjing,272,272,1.0,1687.0,58,exam_degree,MEDIUM,True,False,Official taxonomy places the code in an examination branch; confidence is high only when the description explicitly signals a passed degree/graduate outcome.,True
162,14,Religion,宗教門,賜師號,religion: granted religious titles,0,0,,,0,ambiguous,LOW,False,False,"Palace, honorific, dynastic, or religious status does not by itself establish bureaucratic entry.",True
163,06,Yin Privilege,恩蔭門,其他蔭補(確定非聖節、大禮、致仕、遺表、死事蔭補),yin privilege: others,4,4,1270.0,1270.0,1,hereditary_or_yin_privilege,HIGH,True,True,Official taxonomy identifies kinship/yin privilege; strict inclusion requires explicit office/rank succession rather than clan or student status alone.,False
164,90,Other Method of Entry,其他入仕途徑,其他,others,4,4,1146.0,1146.0,1,ambiguous,LOW,False,False,The broad Other branch and description do not establish a uniform government-entry event.,True
166,10,Specialized Talents,技進門,書藝補官,office granted for calligraphic skill,8,8,1407.0,1436.0,2,direct_appointment,HIGH,True,True,Specialized/grace/surrender route has description-level evidence of an office or appointment.,False
168,0401,Regular Examination,正常科舉,科舉: 四川類省試,examination: quasi-departmental examination in Sichuan,6,6,1135.0,1213.0,5,exam_degree,MEDIUM,True,False,Official taxonomy places the code in an examination branch; confidence is high only when the description explicitly signals a passed degree/graduate outcome.,True
169,0502,Imperial Academy Students,監生門,太學生,student at the National University,758,758,1117.0,1750.0,14,school_or_student_status,LOW,False,False,"Official taxonomy identifies a school, student, licentiate, academy, or tribute-student status; this is not automatically an appointment.",True
170,0401,Regular Examination,正常科舉,科舉: 明通榜,Roster of Lesser Scholastics,18,18,1737.0,1765.0,13,exam_degree,MEDIUM,True,False,Official taxonomy places the code in an examination branch; confidence is high only when the description explicitly signals a passed degree/graduate outcome.,True
171,0501,Students in Schools,學生門,縣學附生,supplementary student at county school,1452,1452,,,0,school_or_student_status,LOW,False,False,"Official taxonomy identifies a school, student, licentiate, academy, or tribute-student status; this is not automatically an appointment.",True
172,0501,Students in Schools,學生門,官學生,government school student,202,202,1031.0,1855.0,7,school_or_student_status,LOW,False,False,"Official taxonomy identifies a school, student, licentiate, academy, or tribute-student status; this is not automatically an appointment.",True
173,040103;0501,Licenciate; Students in Schools,生員; 學生門,縣學生員,county school student,352,352,1541.0,1898.0,21,school_or_student_status,LOW,False,False,"Official taxonomy identifies a school, student, licentiate, academy, or tribute-student status; this is not automatically an appointment.",True
174,0402,Occasional Examination,非經常科舉,恩科孝廉,(Qing) special examination: for filial and honest,7,7,1736.0,1851.0,5,exam_degree,MEDIUM,True,False,Official taxonomy places the code in an examination branch; confidence is high only when the description explicitly signals a passed degree/graduate outcome.,True
175,0503,Tribute Students,貢生門,以優行貢太學,admitted to the Imperial Academy due to exceptional conduct,19,19,1383.0,1750.0,6,school_or_student_status,LOW,False,False,"Official taxonomy identifies a school, student, licentiate, academy, or tribute-student status; this is not automatically an appointment.",True
176,0503,Tribute Students,貢生門,副貢生,"tribute student by purchase, second class",74,73,1567.0,1885.0,38,school_or_student_status,LOW,False,False,"Official taxonomy identifies a school, student, licentiate, academy, or tribute-student status; this is not automatically an appointment.",True
177,0503,Tribute Students,貢生門,附貢生,"tribute student by purchase, third class",3800,3800,1858.0,1903.0,4,school_or_student_status,LOW,False,False,"Official taxonomy identifies a school, student, licentiate, academy, or tribute-student status; this is not automatically an appointment.",True
178,0401,Regular Examination,正常科舉,副車,honorable failure in the provincial exams,29,28,1610.0,1849.0,14,failed_entry,NONE,False,False,Official entry type or description explicitly records an unsuccessful pursuit/examination.,False
179,040102,Juren Examinations,舉人科,恩科鄉試舉人,provincial graduate by special examination,26,26,1403.0,1900.0,17,exam_degree,HIGH,True,True,Official taxonomy places the code in an examination branch; confidence is high only when the description explicitly signals a passed degree/graduate outcome.,False
180,0501,Students in Schools,學生門,廩生,stipend student,2150,2150,16.0,1884.0,11,school_or_student_status,LOW,False,False,"Official taxonomy identifies a school, student, licentiate, academy, or tribute-student status; this is not automatically an appointment.",True
181,90,Other Method of Entry,其他入仕途徑,領催,Archivist,75,75,1635.0,1897.0,46,ambiguous,LOW,False,False,The broad Other branch and description do not establish a uniform government-entry event.,True
182,0503,Tribute Students,貢生門,廩貢生,"Tribute Student by Purchase, First Class",7316,7316,1774.0,1835.0,3,school_or_student_status,LOW,False,False,"Official taxonomy identifies a school, student, licentiate, academy, or tribute-student status; this is not automatically an appointment.",True
183,0502,Imperial Academy Students,監生門,廩監生,Imperial Academy student: First Class,23,22,1567.0,1568.0,2,school_or_student_status,LOW,False,False,"Official taxonomy identifies a school, student, licentiate, academy, or tribute-student status; this is not automatically an appointment.",True
184,0501,Students in Schools,學生門,附生,Supplementary Student,226,226,1707.0,1707.0,1,school_or_student_status,LOW,False,False,"Official taxonomy identifies a school, student, licentiate, academy, or tribute-student status; this is not automatically an appointment.",True
185,040102,Juren Examinations,舉人科,欽賜舉人,Provincial Graduate by Imperial Grace,21,21,1729.0,1897.0,17,exam_degree,HIGH,True,True,Official taxonomy places the code in an examination branch; confidence is high only when the description explicitly signals a passed degree/graduate outcome.,False
186,040102,Juren Examinations,舉人科,繙譯舉人,Provincial Graduate in Translation,66,66,1725.0,1894.0,38,exam_degree,HIGH,True,True,Official taxonomy places the code in an examination branch; confidence is high only when the description explicitly signals a passed degree/graduate outcome.,False
187,040101,Jinshi Examinations,進士類,繙譯進士,Metropolitan Graduate in Translation,101,101,1739.0,1889.0,100,exam_degree,HIGH,True,True,Official taxonomy places the code in an examination branch; confidence is high only when the description explicitly signals a passed degree/graduate outcome.,False
188,0401,Regular Examination,正常科舉,副榜,On the Supplementary List of Graduates,2736,2730,1388.0,1888.0,138,exam_degree,HIGH,True,True,Official taxonomy places the code in an examination branch; confidence is high only when the description explicitly signals a passed degree/graduate outcome.,False
189,0501,Students in Schools,學生門,二品廕生,Student by Inheritance from a Rank 2 Official,36,36,1722.0,1895.0,7,school_or_student_status,LOW,False,False,"Official taxonomy identifies a school, student, licentiate, academy, or tribute-student status; this is not automatically an appointment.",True
190,90,Other Method of Entry,其他入仕途徑,挑補拜唐阿,Bannerman Appointed to the Imperial Guard,37,37,,,0,military_entry,MEDIUM,True,False,"Description indicates a military role, but the broad Other branch does not always prove a bureaucratic appointment.",True
191,040103;0501,Licenciate; Students in Schools,生員; 學生門,增廣生; 增廣生員,Added Student,669,669,1630.0,1865.0,3,school_or_student_status,LOW,False,False,"Official taxonomy identifies a school, student, licentiate, academy, or tribute-student status; this is not automatically an appointment.",True
192,040103;0501,Licenciate; Students in Schools,生員; 學生門,文生員,Civil Licentiate,111,111,1382.0,1882.0,6,school_or_student_status,LOW,False,False,"Official taxonomy identifies a school, student, licentiate, academy, or tribute-student status; this is not automatically an appointment.",True
193,040103;0501,Licenciate; Students in Schools,生員; 學生門,武生員,Military Licentiate,138,138,1591.0,1877.0,6,school_or_student_status,LOW,False,False,"Official taxonomy identifies a school, student, licentiate, academy, or tribute-student status; this is not automatically an appointment.",True
194,02,Kinship,血親門,宗室,Imperial Clan,207,207,655.0,821.0,2,hereditary_or_yin_privilege,MEDIUM,True,False,Official taxonomy identifies kinship/yin privilege; strict inclusion requires explicit office/rank succession rather than clan or student status alone.,True
195,02,Kinship,血親門,覺羅,Qing Imperial House,5,5,1910.0,1910.0,1,hereditary_or_yin_privilege,MEDIUM,True,False,Official taxonomy identifies kinship/yin privilege; strict inclusion requires explicit office/rank succession rather than clan or student status alone.,True
196,0501,Students in Schools,學生門,義學生,Student at a charitable school,15,15,,,0,school_or_student_status,LOW,False,False,"Official taxonomy identifies a school, student, licentiate, academy, or tribute-student status; this is not automatically an appointment.",True
197,0502,Imperial Academy Students,監生門,一品廕生,Student by yin privilege from a Rank 1 Official,19,19,1713.0,1875.0,5,school_or_student_status,LOW,False,False,"Official taxonomy identifies a school, student, licentiate, academy, or tribute-student status; this is not automatically an appointment.",True
198,0502,Imperial Academy Students,監生門,三品廕生,Student by yin privilege from a Rank 3 Official,5,5,1802.0,1802.0,1,school_or_student_status,LOW,False,False,"Official taxonomy identifies a school, student, licentiate, academy, or tribute-student status; this is not automatically an appointment.",True
199,0503,Tribute Students,貢生門,優貢生,Graduate for Excellence,1088,1088,1677.0,1906.0,37,school_or_student_status,LOW,False,False,"Official taxonomy identifies a school, student, licentiate, academy, or tribute-student status; this is not automatically an appointment.",True
200,90,Other Method of Entry,其他入仕途徑,馬甲,Banner soldier,32,32,,,0,military_entry,MEDIUM,True,False,"Description indicates a military role, but the broad Other branch does not always prove a bureaucratic appointment.",True
201,90,Other Method of Entry,其他入仕途徑,護軍,Guardsman,62,62,,,0,military_entry,MEDIUM,True,False,"Description indicates a military role, but the broad Other branch does not always prove a bureaucratic appointment.",True
202,90,Other Method of Entry,其他入仕途徑,前鋒,Vanguard Brigade,88,88,1853.0,1853.0,1,military_entry,MEDIUM,True,False,"Description indicates a military role, but the broad Other branch does not always prove a bureaucratic appointment.",True
203,02,Kinship,血親門,外戚,Consort Family,3,3,,,0,hereditary_or_yin_privilege,MEDIUM,True,False,Official taxonomy identifies kinship/yin privilege; strict inclusion requires explicit office/rank succession rather than clan or student status alone.,True
204,02,Kinship,血親門,外藩蒙古王公,Mongol Prince,9,9,,,0,hereditary_or_yin_privilege,MEDIUM,True,False,Official taxonomy identifies kinship/yin privilege; strict inclusion requires explicit office/rank succession rather than clan or student status alone.,True
205,90,Other Method of Entry,其他入仕途徑,披甲,Bannerman,40,40,,,0,military_entry,MEDIUM,True,False,"Description indicates a military role, but the broad Other branch does not always prove a bureaucratic appointment.",True
206,90,Other Method of Entry,其他入仕途徑,民人,Commoner Registered to a Banner,11,11,,,0,ambiguous,LOW,False,False,The broad Other branch and description do not establish a uniform government-entry event.,True
207,90,Other Method of Entry,其他入仕途徑,布衣,buyi,18,18,,,0,ambiguous,LOW,False,False,The broad Other branch and description do not establish a uniform government-entry event.,True
208,90,Other Method of Entry,其他入仕途徑,幼丁,Banner support trooper,6,6,,,0,military_entry,MEDIUM,True,False,"Description indicates a military role, but the broad Other branch does not always prove a bureaucratic appointment.",True
209,90,Other Method of Entry,其他入仕途徑,親軍,Imperial Guardsman,10,10,,,0,military_entry,MEDIUM,True,False,"Description indicates a military role, but the broad Other branch does not always prove a bureaucratic appointment.",True
210,90,Other Method of Entry,其他入仕途徑,鄉勇,Local government militaman,27,27,,,0,ambiguous,LOW,False,False,The broad Other branch and description do not establish a uniform government-entry event.,True
211,90,Other Method of Entry,其他入仕途徑,筆帖式,Document Translator,60,60,1823.0,1827.0,2,ambiguous,LOW,False,False,The broad Other branch and description do not establish a uniform government-entry event.,True
212,0501,Students in Schools,學生門,俊秀,Elegant Scholar (National University student),174,174,,,0,school_or_student_status,LOW,False,False,"Official taxonomy identifies a school, student, licentiate, academy, or tribute-student status; this is not automatically an appointment.",True
213,0501,Students in Schools,學生門,外國大學生,Foreign University student/graduate,35,31,1874.0,1906.0,10,school_or_student_status,LOW,False,False,"Official taxonomy identifies a school, student, licentiate, academy, or tribute-student status; this is not automatically an appointment.",True
214,90,Other Method of Entry,其他入仕途徑,樂舞生;佾生,Ritual Performer,3,3,,,0,ambiguous,LOW,False,False,The broad Other branch and description do not establish a uniform government-entry event.,True
215,90,Other Method of Entry,其他入仕途徑,內閣中書,Secretary of the Grand Secretariat,5,5,1741.0,1889.0,4,direct_appointment,HIGH,True,True,"Description within the Other branch explicitly indicates office, appointment, or promotion.",False
216,0501,Students in Schools,學生門,書院,Enrolled in an Academy,17,16,1720.0,1888.0,5,school_or_student_status,LOW,False,False,"Official taxonomy identifies a school, student, licentiate, academy, or tribute-student status; this is not automatically an appointment.",True
217,0501,Students in Schools,學生門,專門學校,specialzed school graduate,45,44,1842.0,1909.0,19,school_or_student_status,LOW,False,False,"Official taxonomy identifies a school, student, licentiate, academy, or tribute-student status; this is not automatically an appointment.",True
218,90,Other Method of Entry,其他入仕途徑,閑散,Unassigned Bannerman,13,13,,,0,military_entry,MEDIUM,True,False,"Description indicates a military role, but the broad Other branch does not always prove a bureaucratic appointment.",True
219,0404,Other Examination,其他舉,大考翰詹,Hanlin and Heir Apparent's Household Administration Promotion Examination,8,8,1685.0,1866.0,6,ambiguous,LOW,False,False,"Palace, honorific, dynastic, or religious status does not by itself establish bureaucratic entry.",True
220,0404,Other Examination,其他舉,考取教習,Examination for Instructorship,18,18,1799.0,1856.0,3,exam_degree,MEDIUM,True,False,Official taxonomy places the code in an examination branch; confidence is high only when the description explicitly signals a passed degree/graduate outcome.,True
221,0404,Other Examination,其他舉,清朝: 考取官位,Promotion Examination within Bureaucracy (Qing: general),10,9,1808.0,1889.0,7,exam_degree,MEDIUM,True,False,Official taxonomy places the code in an examination branch; confidence is high only when the description explicitly signals a passed degree/graduate outcome.,True
222,0402,Occasional Examination,非經常科舉,經濟特科,Statecraft Examination,10,10,1903.0,1903.0,9,exam_degree,MEDIUM,True,False,Official taxonomy places the code in an examination branch; confidence is high only when the description explicitly signals a passed degree/graduate outcome.,True
223,14,Religion,宗教門,宗教: 受洗,Religion: Baptism as a Christian,3,3,1605.0,1605.0,1,ambiguous,LOW,False,False,"Palace, honorific, dynastic, or religious status does not by itself establish bureaucratic entry.",True
224,14,Religion,宗教門,宗教: 做喇嘛,Relgion: Becomes a Lama,3,3,,,0,ambiguous,LOW,False,False,"Palace, honorific, dynastic, or religious status does not by itself establish bureaucratic entry.",True
225,0402,Occasional Examination,非經常科舉,"以茂才,才行,武功,廉仁等科舉/授官 （非制科）",Recommended for or Appointed to Office for various qualities (non-examination),92,92,1034.0,1621.0,16,exam_degree,MEDIUM,True,False,Official taxonomy places the code in an examination branch; confidence is high only when the description explicitly signals a passed degree/graduate outcome.,True
226,0403,Decree Examination,制舉,科舉制舉: 博學鴻詞/博學宏詞科,Decree examination: Erudite and Literary,242,240,731.0,1737.0,159,exam_degree,MEDIUM,True,False,Official taxonomy places the code in an examination branch; confidence is high only when the description explicitly signals a passed degree/graduate outcome.,True
227,0403,Decree Examination,制舉,科舉制舉: 下筆成章科,Decree examination: xia bi cheng zhang ke,3,3,,,0,exam_degree,MEDIUM,True,False,Official taxonomy places the code in an examination branch; confidence is high only when the description explicitly signals a passed degree/graduate outcome.,True
228,0403,Decree Examination,制舉,科舉制舉: 八科,Decree examination: ba ke,3,3,,,0,exam_degree,MEDIUM,True,False,Official taxonomy places the code in an examination branch; confidence is high only when the description explicitly signals a passed degree/graduate outcome.,True
229,0404,Other Examination,其他舉,吏部試 (隋唐),Ministry of Personnel examination (Sui-Tang),2,2,,,0,exam_degree,MEDIUM,True,False,Official taxonomy places the code in an examination branch; confidence is high only when the description explicitly signals a passed degree/graduate outcome.,True
230,0403,Decree Examination,制舉,科舉制舉: 大禮科,Decree examination: da li ke,2,2,,,0,exam_degree,MEDIUM,True,False,Official taxonomy places the code in an examination branch; confidence is high only when the description explicitly signals a passed degree/graduate outcome.,True
231,0403,Decree Examination,制舉,科舉制舉: 孝廉,Decree examination: xiao lian,45,45,1370.0,1636.0,4,exam_degree,MEDIUM,True,False,Official taxonomy places the code in an examination branch; confidence is high only when the description explicitly signals a passed degree/graduate outcome.,True
232,0403,Decree Examination,制舉,科舉: 宏詞科,Examination: literary compositions,21,21,1096.0,1679.0,3,exam_degree,MEDIUM,True,False,Official taxonomy places the code in an examination branch; confidence is high only when the description explicitly signals a passed degree/graduate outcome.,True
233,0403,Decree Examination,制舉,科舉制舉: 射策,Decree examination: she ce,3,3,1042.0,1042.0,1,exam_degree,MEDIUM,True,False,Official taxonomy places the code in an examination branch; confidence is high only when the description explicitly signals a passed degree/graduate outcome.,True
234,0403,Decree Examination,制舉,科舉制舉: 幽素科,Decree examination: you su ke,4,4,,,0,exam_degree,MEDIUM,True,False,Official taxonomy places the code in an examination branch; confidence is high only when the description explicitly signals a passed degree/graduate outcome.,True
235,0403,Decree Examination,制舉,科舉制舉: 手筆俊拔科,Decree examination: shou bi jun ba ke,2,2,,,0,exam_degree,MEDIUM,True,False,Official taxonomy places the code in an examination branch; confidence is high only when the description explicitly signals a passed degree/graduate outcome.,True
236,0403,Decree Examination,制舉,科舉制舉: 手筆俊拔超越流輩科,Decree examination: shou bi jun ba chao yue liu bei ke,2,2,,,0,exam_degree,MEDIUM,True,False,Official taxonomy places the code in an examination branch; confidence is high only when the description explicitly signals a passed degree/graduate outcome.,True
237,0403,Decree Examination,制舉,科舉制舉: 才識兼茂明於體用科,Decree examination: cai shi jian mao ming yu ti yong ke,9,9,806.0,1034.0,3,exam_degree,MEDIUM,True,False,Official taxonomy places the code in an examination branch; confidence is high only when the description explicitly signals a passed degree/graduate outcome.,True
238,0403,Decree Examination,制舉,科舉制舉: 文辭清麗科,Decree examination: wen ci qing li ke,2,2,,,0,exam_degree,MEDIUM,True,False,Official taxonomy places the code in an examination branch; confidence is high only when the description explicitly signals a passed degree/graduate outcome.,True
239,0403,Decree Examination,制舉,科舉制舉: 文辭雅麗科,Decree examination: wen ci ya li ke,7,7,,,0,exam_degree,MEDIUM,True,False,Official taxonomy places the code in an examination branch; confidence is high only when the description explicitly signals a passed degree/graduate outcome.,True
240,0403,Decree Examination,制舉,科舉: 拔萃科；書判拔萃科,Examination: legal judgments,46,46,802.0,1837.0,18,exam_degree,MEDIUM,True,False,Official taxonomy places the code in an examination branch; confidence is high only when the description explicitly signals a passed degree/graduate outcome.,True
241,0403,Decree Examination,制舉,科舉制舉: 直言極諫科,Decree examination: zhi yan ji jian ke,3,3,,,0,exam_degree,MEDIUM,True,False,Official taxonomy places the code in an examination branch; confidence is high only when the description explicitly signals a passed degree/graduate outcome.,True
242,0403,Decree Examination,制舉,科舉制舉: 絕倫科,Decree examination: jue lun ke,4,4,1211.0,1211.0,1,exam_degree,MEDIUM,True,False,Official taxonomy places the code in an examination branch; confidence is high only when the description explicitly signals a passed degree/graduate outcome.,True
243,0403,Decree Examination,制舉,科舉制舉: 臨難不顧徇節寧邦科,Decree examination: lin nan bu gu xun jie ning bang ke,2,2,,,0,exam_degree,MEDIUM,True,False,Official taxonomy places the code in an examination branch; confidence is high only when the description explicitly signals a passed degree/graduate outcome.,True
244,0403,Decree Examination,制舉,科舉制舉: 茂才異等科,Decree examination: mao cai yi deng ke,5,5,,,0,exam_degree,MEDIUM,True,False,Official taxonomy places the code in an examination branch; confidence is high only when the description explicitly signals a passed degree/graduate outcome.,True
245,0403,Decree Examination,制舉,科舉制舉: 茂才異行科,Decree examination: mao cai yi xing ke,2,2,,,0,exam_degree,MEDIUM,True,False,Official taxonomy places the code in an examination branch; confidence is high only when the description explicitly signals a passed degree/graduate outcome.,True
246,0403,Decree Examination,制舉,科舉制舉: 萬言科,Decree examination: wan yan ke,2,2,,,0,exam_degree,MEDIUM,True,False,Official taxonomy places the code in an examination branch; confidence is high only when the description explicitly signals a passed degree/graduate outcome.,True
247,0403,Decree Examination,制舉,科舉制舉: 藻思清華科,Decree examination: zao si qing hua ke,2,2,,,0,exam_degree,MEDIUM,True,False,Official taxonomy places the code in an examination branch; confidence is high only when the description explicitly signals a passed degree/graduate outcome.,True
248,0403,Decree Examination,制舉,科舉制舉: 賢良方正科,Decree examination: xian liang fang zheng ke,126,126,821.0,1821.0,50,exam_degree,MEDIUM,True,False,Official taxonomy places the code in an examination branch; confidence is high only when the description explicitly signals a passed degree/graduate outcome.,True
249,0403,Decree Examination,制舉,科舉制舉: 賢良方正能直言極諫科,Decree examination: xian liang fang zheng neng zhi yan ji jian ke,36,36,971.0,1061.0,2,exam_degree,MEDIUM,True,False,Official taxonomy places the code in an examination branch; confidence is high only when the description explicitly signals a passed degree/graduate outcome.,True
250,0403,Decree Examination,制舉,科舉制舉: 超拔群類科,Decree examination: chao ba qun lei ke,2,2,,,0,exam_degree,MEDIUM,True,False,Official taxonomy places the code in an examination branch; confidence is high only when the description explicitly signals a passed degree/graduate outcome.,True
251,0403,Decree Examination,制舉,科舉制舉: 軍謀越衆科,Decree examination: jun mou yue zhong ke,3,3,,,0,exam_degree,MEDIUM,True,False,Official taxonomy places the code in an examination branch; confidence is high only when the description explicitly signals a passed degree/graduate outcome.,True
252,0401,Regular Examination,正常科舉,科舉: 開元禮科,Examination: Kaiyuan Ritual Code,2,2,,,0,exam_degree,MEDIUM,True,False,Official taxonomy places the code in an examination branch; confidence is high only when the description explicitly signals a passed degree/graduate outcome.,True
253,0401,Regular Examination,正常科舉,科舉: 三史,Examination: Three Histories,1,1,,,0,exam_degree,MEDIUM,True,False,Official taxonomy places the code in an examination branch; confidence is high only when the description explicitly signals a passed degree/graduate outcome.,True
254,0401,Regular Examination,正常科舉,科舉: 九經,Examination: Nine Classics,2,2,1073.0,1073.0,1,exam_degree,MEDIUM,True,False,Official taxonomy places the code in an examination branch; confidence is high only when the description explicitly signals a passed degree/graduate outcome.,True
255,0401,Regular Examination,正常科舉,科舉: 五經,Examination: Five Classics,4,4,1387.0,1403.0,2,exam_degree,MEDIUM,True,False,Official taxonomy places the code in an examination branch; confidence is high only when the description explicitly signals a passed degree/graduate outcome.,True
256,0403,Decree Examination,制舉,科舉制舉: 通五經科,Decree examination: tong wu jing ke,1,1,,,0,exam_degree,MEDIUM,True,False,Official taxonomy places the code in an examination branch; confidence is high only when the description explicitly signals a passed degree/graduate outcome.,True
257,0403,Decree Examination,制舉,科舉制舉: 五經秀才科,Decree examination: wu jing xiu cai ke,2,2,,,0,exam_degree,MEDIUM,True,False,Official taxonomy places the code in an examination branch; confidence is high only when the description explicitly signals a passed degree/graduate outcome.,True
258,0403,Decree Examination,制舉,科舉制舉: 博學三史科,Decree examination: bo xue san shi ke,1,1,,,0,exam_degree,MEDIUM,True,False,Official taxonomy places the code in an examination branch; confidence is high only when the description explicitly signals a passed degree/graduate outcome.,True
259,0403,Decree Examination,制舉,科舉制舉: 博通墳典科,Decree examination: bo tong fen dian ke,1,1,,,0,exam_degree,MEDIUM,True,False,Official taxonomy places the code in an examination branch; confidence is high only when the description explicitly signals a passed degree/graduate outcome.,True
260,0403,Decree Examination,制舉,科舉制舉: 博通墳典達於教化科,Decree examination: bo tong fen dian da yu jiao hua ke,1,1,,,0,exam_degree,MEDIUM,True,False,Official taxonomy places the code in an examination branch; confidence is high only when the description explicitly signals a passed degree/graduate outcome.,True
261,0403,Decree Examination,制舉,科舉制舉: 博通文詞科,Decree examination: bo tong wen ci ke,1,1,,,0,exam_degree,MEDIUM,True,False,Official taxonomy places the code in an examination branch; confidence is high only when the description explicitly signals a passed degree/graduate outcome.,True
262,0403,Decree Examination,制舉,科舉制舉: 哲人奇士科,Decree examination: zhe ren qi shi ke,1,1,,,0,exam_degree,MEDIUM,True,False,Official taxonomy places the code in an examination branch; confidence is high only when the description explicitly signals a passed degree/graduate outcome.,True
263,0403,Decree Examination,制舉,科舉制舉: 四子科,Decree examination: si zi ke,1,1,,,0,exam_degree,MEDIUM,True,False,Official taxonomy places the code in an examination branch; confidence is high only when the description explicitly signals a passed degree/graduate outcome.,True
264,0403,Decree Examination,制舉,科舉制舉: 天下奇佚科,Decree examination: tian xia qi yi ke,1,1,,,0,exam_degree,MEDIUM,True,False,Official taxonomy places the code in an examination branch; confidence is high only when the description explicitly signals a passed degree/graduate outcome.,True
265,0403,Decree Examination,制舉,科舉制舉: 孝悌廉潔科,Decree examination: xiao ti lian jie ke,1,1,,,0,exam_degree,MEDIUM,True,False,Official taxonomy places the code in an examination branch; confidence is high only when the description explicitly signals a passed degree/graduate outcome.,True
266,0403,Decree Examination,制舉,科舉制舉: 孝悌廉讓科,Decree examination: xiao ti lian rang ke,1,1,,,0,exam_degree,MEDIUM,True,False,Official taxonomy places the code in an examination branch; confidence is high only when the description explicitly signals a passed degree/graduate outcome.,True
267,0401,Regular Examination,正常科舉,科舉: 學究科,Examination: Thorough Learning,43,43,966.0,1181.0,40,exam_degree,MEDIUM,True,False,Official taxonomy places the code in an examination branch; confidence is high only when the description explicitly signals a passed degree/graduate outcome.,True
268,0403,Decree Examination,制舉,科舉制舉: 平判入等,Decree examination: ping pan ru deng,2,2,,,0,exam_degree,MEDIUM,True,False,Official taxonomy places the code in an examination branch; confidence is high only when the description explicitly signals a passed degree/graduate outcome.,True
269,0403,Decree Examination,制舉,科舉制舉: 廉科,Decree examination: lian ke,1,1,,,0,exam_degree,MEDIUM,True,False,Official taxonomy places the code in an examination branch; confidence is high only when the description explicitly signals a passed degree/graduate outcome.,True
270,0403,Decree Examination,制舉,科舉制舉: 志烈秋霜科,Decree examination: zhi lie qiu shuang ke,1,1,,,0,exam_degree,MEDIUM,True,False,Official taxonomy places the code in an examination branch; confidence is high only when the description explicitly signals a passed degree/graduate outcome.,True
271,0403,Decree Examination,制舉,科舉制舉: 才可宰百里科,Decree examination: cai ke zai bai li ke,1,1,,,0,exam_degree,MEDIUM,True,False,Official taxonomy places the code in an examination branch; confidence is high only when the description explicitly signals a passed degree/graduate outcome.,True
272,0403,Decree Examination,制舉,科舉制舉: 才膺管樂科,Decree examination: cai ying guan yue ke,1,1,,,0,exam_degree,MEDIUM,True,False,Official taxonomy places the code in an examination branch; confidence is high only when the description explicitly signals a passed degree/graduate outcome.,True
273,0403,Decree Examination,制舉,科舉制舉: 才高未達沈跡下僚科,Decree examination: cai gao wei da shen ji xia liao ke,1,1,,,0,exam_degree,MEDIUM,True,False,Official taxonomy places the code in an examination branch; confidence is high only when the description explicitly signals a passed degree/graduate outcome.,True
274,0403,Decree Examination,制舉,科舉制舉: 文以經國科,Decree examination: wen yi jing guo ke,1,1,,,0,exam_degree,MEDIUM,True,False,Official taxonomy places the code in an examination branch; confidence is high only when the description explicitly signals a passed degree/graduate outcome.,True
275,0403,Decree Examination,制舉,科舉制舉: 文可以經邦科,Decree examination: wen ke yi jing bang ke,0,0,,,0,exam_degree,MEDIUM,True,False,Official taxonomy places the code in an examination branch; confidence is high only when the description explicitly signals a passed degree/graduate outcome.,True
276,0403,Decree Examination,制舉,科舉制舉: 文壇詞場科,Decree examination: wen tan ci chang ke,1,1,,,0,exam_degree,MEDIUM,True,False,Official taxonomy places the code in an examination branch; confidence is high only when the description explicitly signals a passed degree/graduate outcome.,True
277,0403,Decree Examination,制舉,科舉制舉: 文學優贍科,Decree examination: wen xue you shan ke,3,3,1374.0,1374.0,1,exam_degree,MEDIUM,True,False,Official taxonomy places the code in an examination branch; confidence is high only when the description explicitly signals a passed degree/graduate outcome.,True
278,0403,Decree Examination,制舉,科舉制舉: 文藝優長科,Decree examination: wen yi you chang ke,1,1,,,0,exam_degree,MEDIUM,True,False,Official taxonomy places the code in an examination branch; confidence is high only when the description explicitly signals a passed degree/graduate outcome.,True
279,0403,Decree Examination,制舉,科舉制舉: 文藻宏麗科,Decree examination: wen zao hong li ke,1,1,,,0,exam_degree,MEDIUM,True,False,Official taxonomy places the code in an examination branch; confidence is high only when the description explicitly signals a passed degree/graduate outcome.,True
280,0403,Decree Examination,制舉,科舉制舉: 文藻流譽科,Decree examination: wen zao liu yu ke,1,1,,,0,exam_degree,MEDIUM,True,False,Official taxonomy places the code in an examination branch; confidence is high only when the description explicitly signals a passed degree/graduate outcome.,True
281,0403,Decree Examination,制舉,科舉制舉: 文詞秀逸科,Decree examination: wen ci xiu yi ke,1,1,,,0,exam_degree,MEDIUM,True,False,Official taxonomy places the code in an examination branch; confidence is high only when the description explicitly signals a passed degree/graduate outcome.,True
282,0403,Decree Examination,制舉,科舉制舉: 明兩經,Decree examination: ming liang jing,0,0,,,0,exam_degree,MEDIUM,True,False,Official taxonomy places the code in an examination branch; confidence is high only when the description explicitly signals a passed degree/graduate outcome.,True
283,0403,Decree Examination,制舉,科舉制舉: 明於政理科,Decree examination: ming yu zheng li ke,1,1,,,0,exam_degree,MEDIUM,True,False,Official taxonomy places the code in an examination branch; confidence is high only when the description explicitly signals a passed degree/graduate outcome.,True
284,0403,Decree Examination,制舉,科舉制舉: 智謀將帥科,Decree examination: zhi mou jiang shuai ke,1,1,,,0,exam_degree,MEDIUM,True,False,Official taxonomy places the code in an examination branch; confidence is high only when the description explicitly signals a passed degree/graduate outcome.,True
285,0403,Decree Examination,制舉,科舉制舉: 經學優深科,Decree examination: jing xue you shen ke,1,1,,,0,exam_degree,MEDIUM,True,False,Official taxonomy places the code in an examination branch; confidence is high only when the description explicitly signals a passed degree/graduate outcome.,True
286,0403,Decree Examination,制舉,科舉制舉: 有道科,Decree examination: you dao ke,1,1,,,0,exam_degree,MEDIUM,True,False,Official taxonomy places the code in an examination branch; confidence is high only when the description explicitly signals a passed degree/graduate outcome.,True
287,0403,Decree Examination,制舉,科舉制舉: 材堪經邦科,Decree examination: cai kan jing bang ke,1,1,,,0,exam_degree,MEDIUM,True,False,Official taxonomy places the code in an examination branch; confidence is high only when the description explicitly signals a passed degree/graduate outcome.,True
288,0403,Decree Examination,制舉,科舉制舉: 武舉科,Decree examination: wu ju ke,484,481,1573.0,1633.0,10,exam_degree,MEDIUM,True,False,Official taxonomy places the code in an examination branch; confidence is high only when the description explicitly signals a passed degree/graduate outcome.,True
289,0403,Decree Examination,制舉,科舉制舉: 武足安邊科,Decree examination: wu zu an bian ke,1,1,,,0,exam_degree,MEDIUM,True,False,Official taxonomy places the code in an examination branch; confidence is high only when the description explicitly signals a passed degree/graduate outcome.,True
290,0403,Decree Examination,制舉,科舉制舉: 洞曉玄經科,Decree examination: dong xiao xuan jing ke,1,1,,,0,exam_degree,MEDIUM,True,False,Official taxonomy places the code in an examination branch; confidence is high only when the description explicitly signals a passed degree/graduate outcome.,True
291,0403,Decree Examination,制舉,科舉制舉: 清廉守節政術可稱堪縣令科,Decree examination: qing lian shou jie zheng shu ke cheng kan xian ling ke,1,1,,,0,exam_degree,MEDIUM,True,False,Official taxonomy places the code in an examination branch; confidence is high only when the description explicitly signals a passed degree/graduate outcome.,True
292,0403,Decree Examination,制舉,科舉制舉: 牧宰科,Decree examination: mu zai ke,1,1,,,0,exam_degree,MEDIUM,True,False,Official taxonomy places the code in an examination branch; confidence is high only when the description explicitly signals a passed degree/graduate outcome.,True
293,0403,Decree Examination,制舉,科舉制舉: 百篇,Decree examination: bai pian,2,2,1004.0,1004.0,1,exam_degree,MEDIUM,True,False,Official taxonomy places the code in an examination branch; confidence is high only when the description explicitly signals a passed degree/graduate outcome.,True
294,0403,Decree Examination,制舉,科舉制舉: 良才異等科,Decree examination: liang cai yi deng ke,1,1,,,0,exam_degree,MEDIUM,True,False,Official taxonomy places the code in an examination branch; confidence is high only when the description explicitly signals a passed degree/graduate outcome.,True
295,0403,Decree Examination,制舉,科舉制舉: 英才傑出業奥大經科,Decree examination: ying cai jie chu ye ao da jing ke,1,1,,,0,exam_degree,MEDIUM,True,False,Official taxonomy places the code in an examination branch; confidence is high only when the description explicitly signals a passed degree/graduate outcome.,True
296,0403,Decree Examination,制舉,科舉制舉: 英材傑出科,Decree examination: ying cai jie chu ke,1,1,,,0,exam_degree,MEDIUM,True,False,Official taxonomy places the code in an examination branch; confidence is high only when the description explicitly signals a passed degree/graduate outcome.,True
297,0403,Decree Examination,制舉,科舉制舉: 藏器下僚科,Decree examination: cang qi xia liao ke,1,1,,,0,exam_degree,MEDIUM,True,False,Official taxonomy places the code in an examination branch; confidence is high only when the description explicitly signals a passed degree/graduate outcome.,True
298,0403,Decree Examination,制舉,科舉制舉: 詞擅文場科,Decree examination: ci shan wen chang ke,1,1,,,0,exam_degree,MEDIUM,True,False,Official taxonomy places the code in an examination branch; confidence is high only when the description explicitly signals a passed degree/graduate outcome.,True
299,0403,Decree Examination,制舉,科舉制舉: 詞藻宏麗制舉,Decree examination: ci zao hong li zhi ju,1,1,,,0,exam_degree,MEDIUM,True,False,Official taxonomy places the code in an examination branch; confidence is high only when the description explicitly signals a passed degree/graduate outcome.,True
300,0403,Decree Examination,制舉,科舉制舉: 詳明政術可以理人科,Decree examination: xiang ming zheng shu ke yi li ren ke,1,1,,,0,exam_degree,MEDIUM,True,False,Official taxonomy places the code in an examination branch; confidence is high only when the description explicitly signals a passed degree/graduate outcome.,True
301,0403,Decree Examination,制舉,科舉制舉: 諷諫主文科,Decree examination: feng jian zhu wen ke,1,1,,,0,exam_degree,MEDIUM,True,False,Official taxonomy places the code in an examination branch; confidence is high only when the description explicitly signals a passed degree/graduate outcome.,True
302,0403,Decree Examination,制舉,科舉制舉: 辭殫文律科,Decree examination: ci dan wen lü ke,1,1,,,0,exam_degree,MEDIUM,True,False,Official taxonomy places the code in an examination branch; confidence is high only when the description explicitly signals a passed degree/graduate outcome.,True
303,0403,Decree Examination,制舉,科舉制舉: 道侔伊呂科,Decree examination: dao mou yi lü ke,1,1,,,0,exam_degree,MEDIUM,True,False,Official taxonomy places the code in an examination branch; confidence is high only when the description explicitly signals a passed degree/graduate outcome.,True
304,0403,Decree Examination,制舉,科舉制舉: 隠居丘園不求聞達科,Decree examination: yin ju qiu yuan bu qiu wen da ke,1,1,,,0,exam_degree,MEDIUM,True,False,Official taxonomy places the code in an examination branch; confidence is high only when the description explicitly signals a passed degree/graduate outcome.,True
305,0403,Decree Examination,制舉,科舉制舉: 韜晦賢才,Decree examination: tao hui xian cai,1,1,,,0,exam_degree,MEDIUM,True,False,Official taxonomy places the code in an examination branch; confidence is high only when the description explicitly signals a passed degree/graduate outcome.,True
306,0403,Decree Examination,制舉,科舉制舉: 風雅古調科,Decree examination: feng ya gu diao ke,1,1,,,0,exam_degree,MEDIUM,True,False,Official taxonomy places the code in an examination branch; confidence is high only when the description explicitly signals a passed degree/graduate outcome.,True
307,0403,Decree Examination,制舉,科舉制舉: 高才沈淪草澤自舉科,Decree examination: gao cai shen lun cao ze zi ju ke,1,1,,,0,exam_degree,MEDIUM,True,False,Official taxonomy places the code in an examination branch; confidence is high only when the description explicitly signals a passed degree/graduate outcome.,True
308,0403,Decree Examination,制舉,科舉制舉: 拔萃出類科,Decree examination: ba cui chu lei ke,2,2,1885.0,1885.0,1,exam_degree,MEDIUM,True,False,Official taxonomy places the code in an examination branch; confidence is high only when the description explicitly signals a passed degree/graduate outcome.,True
309,0403,Decree Examination,制舉,科舉制舉: 軍謀宏遠科,Decree examination: jun mou hong yuan ke,1,1,,,0,exam_degree,MEDIUM,True,False,Official taxonomy places the code in an examination branch; confidence is high only when the description explicitly signals a passed degree/graduate outcome.,True
310,0403,Decree Examination,制舉,科舉制舉: 舉或詔,Decree examination: recommended for/summoned to,20,20,1678.0,1751.0,17,exam_degree,MEDIUM,True,False,Official taxonomy places the code in an examination branch; confidence is high only when the description explicitly signals a passed degree/graduate outcome.,True
311,04,Examination,科舉門,科舉: 考上會試/貢士,"Passed Scholar (passed Metropolitan, not yet Palace, Exam)",1722,1722,1244.0,1892.0,66,exam_degree,HIGH,True,True,Official taxonomy places the code in an examination branch; confidence is high only when the description explicitly signals a passed degree/graduate outcome.,False
312,90,Other Method of Entry,其他入仕途徑,行伍,soldier,3662,3662,1674.0,1674.0,1,military_entry,MEDIUM,True,False,"Description indicates a military role, but the broad Other branch does not always prove a bureaucratic appointment.",True
313,05,Schools,學校門,武童,preparing for military studentship,499,499,1869.0,1869.0,1,school_or_student_status,LOW,False,False,"Official taxonomy identifies a school, student, licentiate, academy, or tribute-student status; this is not automatically an appointment.",True
314,05,Schools,學校門,文童/儒童,preparing for a civil studentship,199,199,,,0,school_or_student_status,LOW,False,False,"Official taxonomy identifies a school, student, licentiate, academy, or tribute-student status; this is not automatically an appointment.",True
315,04,Examination,科舉門,博學鴻儒,Boxue hongru Exam Kangxi 18,36,36,1678.0,1737.0,36,exam_degree,MEDIUM,True,False,Official taxonomy places the code in an examination branch; confidence is high only when the description explicitly signals a passed degree/graduate outcome.,True
316,02,Kinship,血親門,皇子/親王,Imperial Prince,11,11,1.0,897.0,7,hereditary_or_yin_privilege,MEDIUM,True,False,Official taxonomy identifies kinship/yin privilege; strict inclusion requires explicit office/rank succession rather than clan or student status alone.,True
317,06,Yin Privilege,恩蔭門,五品廕生,Student by yin privilege from a Rank 5 Official,1,1,,,0,hereditary_or_yin_privilege,MEDIUM,True,False,Official taxonomy identifies kinship/yin privilege; strict inclusion requires explicit office/rank succession rather than clan or student status alone.,True
318,06,Yin Privilege,恩蔭門,六品廕生,Student by yin privilege from a Rank 6 Official,2,2,,,0,hereditary_or_yin_privilege,MEDIUM,True,False,Official taxonomy identifies kinship/yin privilege; strict inclusion requires explicit office/rank succession rather than clan or student status alone.,True
319,08,Recommendation,薦舉門,舉為孝廉方正,recommendation as xiao lian fang zheng (est. 1722),61,61,1386.0,1865.0,28,recommendation,HIGH,True,True,Official taxonomy identifies recommendation as the entry route.,False
320,0501,Students in Schools,學生門,州、府學生,prefectural school student,85,85,1753.0,1753.0,1,school_or_student_status,LOW,False,False,"Official taxonomy identifies a school, student, licentiate, academy, or tribute-student status; this is not automatically an appointment.",True
321,90,Other Method of Entry,其他入仕途徑,出身軍職,Various military roles,15,15,,,0,military_entry,MEDIUM,True,False,"Description indicates a military role, but the broad Other branch does not always prove a bureaucratic appointment.",True
322,90,Other Method of Entry,其他入仕途徑,內務府 （清朝）,Imperial Household Department (Qing),16,16,,,0,ambiguous,LOW,False,False,The broad Other branch and description do not establish a uniform government-entry event.,True
323,05,Schools,學校門,於國內公立私立大學就學、畢業,Student at/Graduate of Public or Private Domestic Universities,21,19,1870.0,1910.0,10,school_or_student_status,LOW,False,False,"Official taxonomy identifies a school, student, licentiate, academy, or tribute-student status; this is not automatically an appointment.",True
324,0501,Students in Schools,學生門,庠生,school student,1825,1825,1630.0,1630.0,1,school_or_student_status,LOW,False,False,"Official taxonomy identifies a school, student, licentiate, academy, or tribute-student status; this is not automatically an appointment.",True
325,0501,Students in Schools,學生門,郡庠生,prefecture school student,208,208,,,0,school_or_student_status,LOW,False,False,"Official taxonomy identifies a school, student, licentiate, academy, or tribute-student status; this is not automatically an appointment.",True
326,0501,Students in Schools,學生門,邑庠生,county school student,644,644,1478.0,1503.0,3,school_or_student_status,LOW,False,False,"Official taxonomy identifies a school, student, licentiate, academy, or tribute-student status; this is not automatically an appointment.",True
328,0503,Tribute Students,貢生門,武貢士,examination: military gongshi,0,0,,,0,school_or_student_status,LOW,False,False,"Official taxonomy identifies a school, student, licentiate, academy, or tribute-student status; this is not automatically an appointment.",True
329,04,Examination,科舉門,策試,the imperial examination on current politics,107,107,974.0,1667.0,102,exam_degree,MEDIUM,True,False,Official taxonomy places the code in an examination branch; confidence is high only when the description explicitly signals a passed degree/graduate outcome.,True
330,08,Recommendation,薦舉門,特恩保舉經學科,"Recommendation, by special grace, to the Classical Studies Section",5,5,1751.0,1751.0,4,recommendation,HIGH,True,True,Official taxonomy identifies recommendation as the entry route.,False
332,040103,Licenciate,生員,翻譯生員,Licentiate in Translation,14,14,1873.0,1873.0,1,school_or_student_status,LOW,False,False,"Official taxonomy identifies a school, student, licentiate, academy, or tribute-student status; this is not automatically an appointment.",True
334,040101,Jinshi Examinations,進士類,法政科進士,Examination: Jinshi (Law And Administration),3,3,1906.0,1909.0,3,exam_degree,HIGH,True,True,Official taxonomy places the code in an examination branch; confidence is high only when the description explicitly signals a passed degree/graduate outcome.,False
335,05,Schools,學校門,奉祀生(祠生),Imperial Academy Student: Sacrificer (Sage'S Descendant),14,14,,,0,school_or_student_status,LOW,False,False,"Official taxonomy identifies a school, student, licentiate, academy, or tribute-student status; this is not automatically an appointment.",True
336,90,Other Method of Entry,其他入仕途徑,鄉賓,Guest In Community Drinking Ceremony,115,115,1631.0,1830.0,9,ambiguous,LOW,False,False,The broad Other branch and description do not establish a uniform government-entry event.,True
337,90,Other Method of Entry,其他入仕途徑,大賓,Principal Guest In Community Drinking Ceremony,14,14,,,0,ambiguous,LOW,False,False,The broad Other branch and description do not establish a uniform government-entry event.,True
339,90,Other Method of Entry,其他入仕途徑,介賓,Attendent Guest In Community Drinking Ceremony,5,5,,,0,ambiguous,LOW,False,False,The broad Other branch and description do not establish a uniform government-entry event.,True
340,02,Kinship,血親門,宗室選試: 量試,special examination for imperial clan - extend benevolence examination,0,0,,,0,hereditary_or_yin_privilege,MEDIUM,True,False,Official taxonomy identifies kinship/yin privilege; strict inclusion requires explicit office/rank succession rather than clan or student status alone.,True
341,02,Kinship,血親門,宗室選試: 取應,special examination for imperial clan - special enrollment,0,0,,,0,hereditary_or_yin_privilege,MEDIUM,True,False,Official taxonomy identifies kinship/yin privilege; strict inclusion requires explicit office/rank succession rather than clan or student status alone.,True
342,90,Other Method of Entry,其他入仕途徑,賜名;賜名授官,granted name and title,0,0,,,0,direct_appointment,HIGH,True,True,"Description within the Other branch explicitly indicates office, appointment, or promotion.",False
343,0403,Decree Examination,制舉,詞學兼茂科,Examination: Literary and Erudite,31,31,1111.0,1128.0,31,exam_degree,MEDIUM,True,False,Official taxonomy places the code in an examination branch; confidence is high only when the description explicitly signals a passed degree/graduate outcome.,True
345,04,Examination,科舉門,科舉: 中正榜,No translation yet,3,3,1772.0,1790.0,2,exam_degree,MEDIUM,True,False,Official taxonomy places the code in an examination branch; confidence is high only when the description explicitly signals a passed degree/graduate outcome.,True
346,0401,Regular Examination,正常科舉,科舉：三傳,examination：three commentaries,3,3,1027.0,1027.0,1,exam_degree,MEDIUM,True,False,Official taxonomy places the code in an examination branch; confidence is high only when the description explicitly signals a passed degree/graduate outcome.,True
347,04,Examination,科舉門,科舉: 宗室舉人(宗室鄉試),examination: imperial clan Juren,39,39,1801.0,1885.0,39,exam_degree,HIGH,True,True,Official taxonomy places the code in an examination branch; confidence is high only when the description explicitly signals a passed degree/graduate outcome.,False
348,04,Examination,科舉門,科舉: 宗室進士(宗室會試),examination: ministerial examination for imperial clan,41,41,,,0,exam_degree,HIGH,True,True,Official taxonomy places the code in an examination branch; confidence is high only when the description explicitly signals a passed degree/graduate outcome.,False
349,0501,Students in Schools,學生門,醫生/醫學生,Medical Student in the Imperial Academy of Medicine,0,0,,,0,school_or_student_status,LOW,False,False,"Official taxonomy identifies a school, student, licentiate, academy, or tribute-student status; this is not automatically an appointment.",True
