citation_key,title,authors,year,venue,doi_or_official_url,verification_status,claim_supported,section_used,notes
cbdb2026,China Biographical Database Project (CBDB),Harvard University; Academia Sinica; Peking University,2026,China Biographical Database Project,https://cbdb.hsites.harvard.edu/,VERIFIED,"Project identity, access route, and official data-use context.",Introduction; Data Availability,Official project page checked on 2026-09-01; used only for project and access facts.
fuller2024,The China Biographical Database User's Guide,Michael A. Fuller,2024,China Biographical Database Project,https://cbdb-project.github.io/cbdb-user-guide/,VERIFIED,"CBDB schema, query, export, and analysis capabilities.",Data and Measurement Problem; Data Availability,Official living project guide checked; not used as evidence for broad methodological claims.
tsui2020harvesting,Harvesting Big Biographical Data for Chinese History: The China Biographical Database (CBDB),Lik Hang Tsui; Hongsu Wang,2020,Journal of Chinese History 4(2):505--511,10.1017/jch.2020.21,VERIFIED,CBDB data harvesting and historical research uses.,Introduction; Related Work,Crossref record and publisher abstract agree.
fullerwang2021networks,"Structuring, Recording, and Analyzing Historical Networks in the China Biographical Database",Michael Fuller; Hongsu Wang,2021,Journal of Historical Network Research 5(1):248--270,10.25517/jhnr.v5i1.123,VERIFIED,CBDB's prosopographical network structures and extraction from historical corpora.,Introduction; Related Work,"Crossref lookup unavailable; journal page independently verifies title, authors, year, volume, issue, pages, DOI, and peer-review status."
chenwang2022cbdb,China Biographical Database (CBDB): A Relational Database for Prosopographical Research of Pre-Modern China,Song Chen; Hongsu Wang,2022,Journal of Open Humanities Data 8:4,10.5334/johd.68,VERIFIED,"CBDB's relational design, heterogeneous sources, disambiguation, and analytic exports.",Introduction; Related Work; Data and Measurement Problem,Crossref metadata and publisher data-paper page agree.
bol2012gis,"GIS, Prosopography and History",Peter K. Bol,2012,Annals of GIS 18(1):3--15,10.1080/19475683.2011.647077,VERIFIED,Person-traceable spatial aggregation of CBDB prosopographical records.,Related Work,"Crossref metadata and publisher full text agree; DOI registration year differs from volume year, so the journal volume year 2012 is retained."
prokhorenkova2018catboost,CatBoost: Unbiased Boosting with Categorical Features,Liudmila Prokhorenkova; Gleb Gusev; Aleksandr Vorobev; Anna Veronika Dorogush; Andrey Gulin,2018,Advances in Neural Information Processing Systems 31,https://proceedings.neurips.cc/paper/2018/hash/14491b756b3a51daac41c24863285549-Abstract.html,VERIFIED,CatBoost categorical-feature handling and ordered target-statistic method.,Related Work; Models,Official NeurIPS proceedings metadata and paper checked.
grinsztajn2022tabular,Why Do Tree-Based Models Still Outperform Deep Learning on Typical Tabular Data?,Léo Grinsztajn; Edouard Oyallon; Gaël Varoquaux,2022,Advances in Neural Information Processing Systems 35:507--520,10.52202/068431-0037,VERIFIED,Tree ensembles as strong baselines on typical medium-sized tabular datasets.,Related Work,Crossref record and official NeurIPS proceedings page agree.
roberts2017cv,"Cross-Validation Strategies for Data with Temporal, Spatial, Hierarchical, or Phylogenetic Structure",David R. Roberts; Volker Bahn; Simone Ciuti; Mark S. Boyce; Jane Elith; Gurutzeta Guillera-Arroita; Severin Hauenstein; José J. Lahoz-Monfort; Boris Schröder; Wilfried Thuiller; David I. Warton; Brendan A. Wintle; Florian Hartig; Carsten F. Dormann,2017,Ecography 40(8):913--929,10.1111/ecog.02881,VERIFIED,Random validation can underestimate error under dependence; blocked validation targets structured generalization.,Related Work; Evaluation Protocol,"Crossref author list, metadata, abstract, and publisher full text agree."
koh2021wilds,WILDS: A Benchmark of in-the-Wild Distribution Shifts,Pang Wei Koh; Shiori Sagawa; Henrik Marklund; Sang Michael Xie; Marvin Zhang; Akshay Balsubramani; Weihua Hu; Michihiro Yasunaga; Richard Lanas Phillips; Irena Gao; Tony Lee; Etienne David; Ian Stavness; Wei Guo; Berton Earnshaw; Imran Haque; Sara Beery; Jure Leskovec; Anshul Kundaje; Emma Pierson; Sergey Levine; Chelsea Finn; Percy Liang,2021,Proceedings of Machine Learning Research 139:5637--5664,https://proceedings.mlr.press/v139/koh21a.html,VERIFIED,Evaluation under naturally occurring distribution shifts.,Related Work; Evaluation Protocol,"Official PMLR page, abstract, pages, and complete author order checked."
sugiyama2007covariate,Covariate Shift Adaptation by Importance Weighted Cross Validation,Masashi Sugiyama; Matthias Krauledat; Klaus-Robert Müller,2007,Journal of Machine Learning Research 8:985--1005,https://jmlr.org/papers/v8/sugiyama07a.html,VERIFIED,Ordinary validation assumptions can fail under covariate shift.,Related Work,Official JMLR article page and BibTeX checked; no claim that importance weighting was implemented here.
subbaswamy2019transport,Preventing Failures Due to Dataset Shift: Learning Predictive Models That Transport,Adarsh Subbaswamy; Peter Schulam; Suchi Saria,2019,Proceedings of Machine Learning Research 89:3118--3127,https://proceedings.mlr.press/v89/subbaswamy19a.html,VERIFIED,Predictive mechanisms can fail to transport across shifted environments.,Related Work; Discussion,Official PMLR page and abstract checked; not cited as evidence of causal invariance in this study.
hand2018administrative,Statistical Challenges of Administrative and Transaction Data,David J. Hand,2018,Journal of the Royal Statistical Society: Series A 181(3):555--605,10.1111/rssa.12315,VERIFIED,Selection and data-generation challenges in administrative and transaction records.,Related Work; Discussion,Crossref record and publisher abstract agree.
frenay2014label,Classification in the Presence of Label Noise: A Survey,Benoît Frénay; Michel Verleysen,2014,IEEE Transactions on Neural Networks and Learning Systems 25(5):845--869,10.1109/TNNLS.2013.2292894,VERIFIED,Taxonomy and predictive consequences of noisy labels.,Related Work; Limitations,"Crossref and IEEE/institutional metadata agree; used conceptually, not to assert that CBDB's proxy is random label noise."
jacobs2021measurement,Measurement and Fairness,Abigail Z. Jacobs; Hanna Wallach,2021,"Proceedings of the 2021 ACM Conference on Fairness, Accountability, and Transparency:375--385",10.1145/3442188.3445901,VERIFIED,Latent constructs can diverge from their operational measurements.,Related Work; Data and Measurement Problem,"Crossref and ACM abstract agree; conceptual support only, not direct evidence about CBDB coverage."
gebru2021datasheets,Datasheets for Datasets,Timnit Gebru; Jamie Morgenstern; Briana Vecchione; Jennifer Wortman Vaughan; Hanna Wallach; Hal Daumé III; Kate Crawford,2021,Communications of the ACM 64(12):86--92,10.1145/3458723,VERIFIED,"Dataset documentation should state motivation, composition, collection, and recommended uses.",Related Work; Reproducibility,Crossref and publisher/author-affiliated page agree; author suffix normalized to Hal Daumé III.
lundberg2017shap,A Unified Approach to Interpreting Model Predictions,Scott M. Lundberg; Su-In Lee,2017,Advances in Neural Information Processing Systems 30,https://proceedings.neurips.cc/paper/7062-a-unified-approach-to-interpreting-model-predictions,VERIFIED,SHAP as an additive feature-attribution framework.,Related Work; Model Interpretation,Official NeurIPS proceedings page checked; does not support causal interpretation.
kumar2020shap,Problems with Shapley-Value-Based Explanations as Feature Importance Measures,I. Elizabeth Kumar; Suresh Venkatasubramanian; Carlos Scheidegger; Sorelle Friedler,2020,Proceedings of Machine Learning Research 119:5491--5500,https://proceedings.mlr.press/v119/kumar20e.html,VERIFIED,Limits of interpreting Shapley values as context-free importance or causal effects.,Related Work; Model Interpretation; Limitations,"Official PMLR page, abstract, author order, and pages checked."
guo2017calibration,On Calibration of Modern Neural Networks,Chuan Guo; Geoff Pleiss; Yu Sun; Kilian Q. Weinberger,2017,Proceedings of Machine Learning Research 70:1321--1330,https://proceedings.mlr.press/v70/guo17a.html,VERIFIED,Post-hoc probability calibration and expected calibration error reporting.,Related Work; Evaluation Protocol,"Official PMLR page, abstract, authors, and pages checked."
niculescu2005probabilities,Predicting Good Probabilities with Supervised Learning,Alexandru Niculescu-Mizil; Rich Caruana,2005,Proceedings of the 22nd International Conference on Machine Learning:625--632,10.1145/1102351.1102430,VERIFIED,Post-hoc calibration using held-out data.,Related Work; Evaluation Protocol,"Crossref and ACM/conference metadata agree; cited for held-out calibration, not test-label fitting."
