feature,feature_sets,storage,dtype,n_non_missing,coverage,n_unique,min,max,mean
addr_type_name,M2;M3;M4;M6,master_table,object,391620.0,0.5923548381241643,8.0,,,
any_older_kin_entry_before_birth,PB1,master_table,Float64,2747.0,0.004155045044499973,2.0,0.0,1.0,0.6909355660720786
any_older_kin_ever_entry,M4;M6,master_table,float64,108373.0,0.16392235042140355,2.0,0.0,1.0,0.32351231395273733
any_older_kin_ever_posting,M4;M6,master_table,float64,108373.0,0.16392235042140355,2.0,0.0,1.0,0.581547064305685
any_older_kin_posting_before_birth,PB1,master_table,Float64,2591.0,0.003919083258208747,2.0,0.0,1.0,0.4882284832111154
county_id,M2;M3;M4;M6,master_table,Int64,305530.0,0.4621372087535772,5185.0,367.0,702709.0,17367.39922757176
distance_to_dynasty_capital_km,M2;M3;M4;M6,master_table,float64,372552.0,0.5635130474767215,6055.0,0.0,3352.364150411163,959.0625383102067
documentation_intensity,M5;M6,master_table,int8,661124.0,1.0,7.0,0.0,6.0,1.2122325010134256
dynasty_name,M0;M0b;M1;M2;M3;M4;M6;PB0;PB1,master_table,string,661124.0,1.0,77.0,,,
family_group_size,M3;M4;M6,master_table,int32,661124.0,1.0,115.0,1.0,13623.0,299.90165838783645
father_entry_before_birth,PB1,master_table,Float64,1927.0,0.0029147330909178914,2.0,0.0,1.0,0.5832900882200311
father_ever_entry,M4;M6,master_table,Float64,90891.0,0.13747950460125483,2.0,0.0,1.0,0.26507575007426476
father_ever_posting,M4;M6,master_table,Float64,90891.0,0.13747950460125483,2.0,0.0,1.0,0.5344753605967587
father_identified,M3;M4;M6,master_table,int8,661124.0,1.0,2.0,0.0,1.0,0.13748404232791428
father_posting_before_birth,PB1,master_table,Float64,1801.0,0.0027241485712211325,2.0,0.0,1.0,0.29927817878956137
gender,M1;M2;M3;M4;M6;PB0;PB1,master_table,string,661124.0,1.0,3.0,,,
has_address,M5;M6,master_table,int8,661124.0,1.0,2.0,0.0,1.0,0.5982947223213799
has_assoc,M5;M6,master_table,int8,661124.0,1.0,2.0,0.0,1.0,0.06770439433449701
has_core_family,M3;M4;M6,master_table,int8,661124.0,1.0,2.0,0.0,1.0,0.33941287867328973
has_geography,M2;M3;M4;M6,master_table,int8,661124.0,1.0,2.0,0.0,1.0,0.5923548381241643
has_institution,M5;M6,master_table,int8,661124.0,1.0,2.0,0.0,1.0,0.0007184733877457179
has_kin,M5;M6,master_table,int8,661124.0,1.0,2.0,0.0,1.0,0.4329399628511444
has_safe_birth_year,M0b;M1;M2;M3;M4;M6;PB0;PB1,master_table,int8,661124.0,1.0,2.0,0.0,1.0,0.0905291594315136
has_status,M5;M6,master_table,int8,661124.0,1.0,2.0,0.0,1.0,0.08522455696662048
has_text,M5;M6,master_table,int8,661124.0,1.0,2.0,0.0,1.0,0.027350391152038044
latitude,M2;M3;M4;M6,master_table,float64,382294.0,0.5782485585154978,3746.0,18.375463486,50.86566,31.446337236276857
local_address_density,M2;M3;M4;M6,master_table,float64,391620.0,0.5923548381241643,491.0,0.6931471805599453,8.434680769841773,5.3184908618430295
local_cbdb_person_count,M2;M3;M4;M6,master_table,float64,391620.0,0.5923548381241643,491.0,1.0,4603.0,496.95139165517594
local_entry_prior,M2;M3;M4;M6,fold_derived,,,,,,,
longitude,M2;M3;M4;M6,master_table,float64,382294.0,0.5782485585154978,3695.0,77.23219,133.65704346,115.58555161389096
maternal_grandfather_entry_before_birth,PB1,master_table,Float64,24.0,3.630181327557312e-05,2.0,0.0,1.0,0.875
maternal_grandfather_ever_entry,M4;M6,master_table,Float64,313.0,0.00047343614813559937,2.0,0.0,1.0,0.329073482428115
maternal_grandfather_ever_posting,M4;M6,master_table,Float64,313.0,0.00047343614813559937,2.0,0.0,1.0,0.4504792332268371
maternal_grandfather_identified,M3;M4;M6,master_table,int8,661124.0,1.0,2.0,0.0,1.0,0.00047343614813559937
maternal_grandfather_posting_before_birth,PB1,master_table,Float64,32.0,4.8402417700764156e-05,2.0,0.0,1.0,0.71875
maternal_grandmother_identified,M3;M4;M6,master_table,int8,661124.0,1.0,2.0,0.0,1.0,3.176408661612648e-05
mother_ever_entry,M4;M6,master_table,Float64,18742.0,0.028348691017116304,2.0,0.0,1.0,0.015579980791804502
mother_ever_posting,M4;M6,master_table,Float64,18742.0,0.028348691017116304,2.0,0.0,1.0,0.11156760217692882
mother_identified,M3;M4;M6,master_table,int8,661124.0,1.0,2.0,0.0,1.0,0.028348691017116304
n_eligible_older_kin,M4;M6,master_table,int32,661124.0,1.0,19.0,0.0,78.0,0.265646081521772
n_known_ancestors,M3;M4;M6,master_table,int32,661124.0,1.0,15.0,0.0,29.0,0.08307216195448963
n_known_core_kin,M3;M4;M6,master_table,int32,661124.0,1.0,44.0,0.0,60.0,0.6149708677948463
n_known_descendants,M3;M4;M6,master_table,int32,661124.0,1.0,50.0,0.0,133.0,0.26781057713832807
n_known_grandparents,M3;M4;M6,master_table,int32,661124.0,1.0,5.0,0.0,4.0,0.0457054954894997
n_known_parent_generation,M3;M4;M6,master_table,int32,661124.0,1.0,10.0,0.0,49.0,0.18257845729394184
n_known_parents,M3;M4;M6,master_table,int32,661124.0,1.0,7.0,0.0,6.0,0.1677295030886793
n_known_same_generation,M3;M4;M6,master_table,int32,661124.0,1.0,26.0,0.0,27.0,0.18453421748416332
n_older_kin_entry_before_birth,PB1,master_table,Float64,2747.0,0.004155045044499973,5.0,0.0,4.0,0.748452857662905
n_older_kin_ever_entry,M4;M6,master_table,int32,661124.0,1.0,9.0,0.0,8.0,0.056269323152691474
n_older_kin_ever_posting,M4;M6,master_table,int32,661124.0,1.0,13.0,0.0,12.0,0.11410113685178574
n_older_kin_posting_before_birth,PB1,master_table,Float64,2591.0,0.003919083258208747,6.0,0.0,6.0,0.5465071401003474
older_kin_entry_ratio,M4;M6,master_table,float64,108373.0,0.16392235042140355,33.0,0.0,1.0,0.29565260582672664
older_kin_entry_ratio_smoothed,M4;M6,fold_derived,,,,,,,
older_kin_posting_ratio,M4;M6,master_table,float64,108373.0,0.16392235042140355,38.0,0.0,1.0,0.522699723322803
older_kin_posting_ratio_smoothed,M4;M6,fold_derived,,,,,,,
paternal_grandfather_entry_before_birth,PB1,master_table,Float64,437.0,0.0006609955167260604,2.0,0.0,1.0,0.9359267734553776
paternal_grandfather_ever_entry,M4;M6,master_table,Float64,28916.0,0.043737634694853006,2.0,0.0,1.0,0.21877161433116613
paternal_grandfather_ever_posting,M4;M6,master_table,Float64,28916.0,0.043737634694853006,2.0,0.0,1.0,0.4362982431871628
paternal_grandfather_identified,M3;M4;M6,master_table,int8,661124.0,1.0,2.0,0.0,1.0,0.043739147270406155
paternal_grandfather_posting_before_birth,PB1,master_table,Float64,460.0,0.0006957847544484847,2.0,0.0,1.0,0.8782608695652174
paternal_grandmother_identified,M3;M4;M6,master_table,int8,661124.0,1.0,2.0,0.0,1.0,0.0011677083270309353
prefecture_id,M2;M3;M4;M6,master_table,Int64,390552.0,0.5907394074334013,2317.0,11.0,701943.0,17843.191239578853
province_id,M2;M3;M4;M6,master_table,Int64,373234.0,0.564544624003969,666.0,1.0,701928.0,26438.565473670675
safe_birth_decade,M0b;M1;M2;M3;M4;M6;PB0;PB1,master_table,Float64,59851.0,0.0905291594315136,204.0,-560.0,1910.0,1466.622445740255
