algorithm,model_variant,population,feature_set,split_protocol,evaluation_split,threshold_source,threshold,n_train,n_validation,n_test,train_positive_rate,validation_positive_rate,test_positive_rate,best_iteration,roc_auc,pr_auc,balanced_accuracy,f1,precision,recall,log_loss,brier_score,selection_validation_roc_auc,selection_validation_log_loss
LogisticRegression,balanced,Global,M0,primary,test,fixed_0.5,0.5,462710,99107,99307,0.3336992932938558,0.3336494899452107,0.3338536054860181,,0.7398182250893919,0.5064089578613011,0.7128091233233782,0.6266530526885558,0.5291368027422874,0.7682330940459673,0.5842358735221792,0.2026454309254932,,
LogisticRegression,balanced,Global,M0,primary,test,validation_balanced_accuracy,0.4,462710,99107,99307,0.3336992932938558,0.3336494899452107,0.3338536054860181,,0.7398182250893919,0.5064089578613011,0.712831656688386,0.6266820832000788,0.5291209704220672,0.7683537431380829,0.5842358735221792,0.2026454309254932,,
LogisticRegression,unweighted_diagnostic,Global,M0,primary,test,fixed_0.5,0.5,462710,99107,99307,0.3336992932938558,0.3336494899452107,0.3338536054860181,,0.7398169621157354,0.5064085588405678,0.6705983136897934,0.5649556492656682,0.5454290206648698,0.5859323158593231,0.5394791071904307,0.1835212303394107,,
LogisticRegression,balanced,Global,M0b,primary,test,fixed_0.5,0.5,462710,99107,99307,0.3336992932938558,0.3336494899452107,0.3338536054860181,,0.7841859235793645,0.5810439564944321,0.7459413737422457,0.6626020306589687,0.5639428982928792,0.8031006816673705,0.5444124341499436,0.1848107956737986,,
LogisticRegression,balanced,Global,M0b,primary,test,validation_balanced_accuracy,0.56,462710,99107,99307,0.3336992932938558,0.3336494899452107,0.3338536054860181,,0.7841859235793645,0.5810439564944321,0.7461814741532655,0.6628342413426012,0.56674733888758,0.7981540688906316,0.5444124341499436,0.1848107956737986,,
LogisticRegression,unweighted_diagnostic,Global,M0b,primary,test,fixed_0.5,0.5,462710,99107,99307,0.3336992932938558,0.3336494899452107,0.3338536054860181,,0.7841637358223104,0.5810445469114117,0.7106705724341285,0.6159133972767733,0.600280585220603,0.6323822163238222,0.5035484124720365,0.1683417071616568,,
LogisticRegression,balanced,Global,M1,primary,test,fixed_0.5,0.5,462710,99107,99307,0.3336992932938558,0.3336494899452107,0.3338536054860181,,0.8296641593648573,0.638489621407497,0.7767865003793422,0.6980469262026479,0.6172802299703264,0.8031308439403994,0.4939437399769074,0.1661196047463809,,
LogisticRegression,balanced,Global,M1,primary,test,validation_balanced_accuracy,0.56,462710,99107,99307,0.3336992932938558,0.3336494899452107,0.3338536054860181,,0.8296641593648573,0.638489621407497,0.7768254966287581,0.6983929469698975,0.6223223553835991,0.7956506002292333,0.4939437399769074,0.1661196047463809,,
LogisticRegression,unweighted_diagnostic,Global,M1,primary,test,fixed_0.5,0.5,462710,99107,99307,0.3336992932938558,0.3336494899452107,0.3338536054860181,,0.8296149530905004,0.6386961256969091,0.7368017625177634,0.6488055508125979,0.6683616361252358,0.6303613440308862,0.457710488644832,0.1520957872684671,,
LogisticRegression,balanced,Global,M2,primary,test,fixed_0.5,0.5,462710,99107,99307,0.3336992932938558,0.3336494899452107,0.3338536054860181,,0.9004174541478394,0.8208489553562487,0.8324692279591863,0.7728164368434054,0.7455911626994141,0.8021053266574169,0.3903653957772331,0.1221587804357341,,
LogisticRegression,balanced,Global,M2,primary,test,validation_balanced_accuracy,0.5800000000000001,462710,99107,99307,0.3336992932938558,0.3336494899452107,0.3338536054860181,,0.9004174541478394,0.8208489553562487,0.8336927897702993,0.7775965035697715,0.7717859583444752,0.7834952041985884,0.3903653957772331,0.1221587804357341,,
LogisticRegression,unweighted_diagnostic,Global,M2,primary,test,fixed_0.5,0.5,462710,99107,99307,0.3336992932938558,0.3336494899452107,0.3338536054860181,,0.9002149205918628,0.8223823534350548,0.831043146042538,0.7771243842364532,0.7935924039489405,0.7613259335223502,0.3633096650376324,0.1125356618374961,,
LogisticRegression,balanced,Global,M3,primary,test,fixed_0.5,0.5,462710,99107,99307,0.3336992932938558,0.3336494899452107,0.3338536054860181,,0.9131125806026938,0.8437308621872193,0.8447855377763851,0.7875828291558629,0.7537914299895219,0.8245460577909152,0.3692303725188188,0.1145705807040883,,
LogisticRegression,balanced,Global,M3,primary,test,validation_balanced_accuracy,0.5,462710,99107,99307,0.3336992932938558,0.3336494899452107,0.3338536054860181,,0.9131125806026938,0.8437308621872193,0.8447855377763851,0.7875828291558629,0.7537914299895219,0.8245460577909152,0.3692303725188188,0.1145705807040883,,
LogisticRegression,unweighted_diagnostic,Global,M3,primary,test,fixed_0.5,0.5,462710,99107,99307,0.3336992932938558,0.3336494899452107,0.3338536054860181,,0.9129337293985892,0.8463842853819401,0.8405411207986236,0.7895608439646712,0.8030066745680244,0.7765578814019425,0.3433959675843768,0.1054624891158861,,
LogisticRegression,balanced,Global,M4,primary,test,fixed_0.5,0.5,462710,99107,99307,0.3336992932938558,0.3336494899452107,0.3338536054860181,,0.9137733618084742,0.8444805392060197,0.8451408455500661,0.7881269191402251,0.7548394223069064,0.8244857332448573,0.3680233983682379,0.1141401971827858,,
LogisticRegression,balanced,Global,M4,primary,test,validation_balanced_accuracy,0.49,462710,99107,99307,0.3336992932938558,0.3336494899452107,0.3338536054860181,,0.9137733618084742,0.8444805392060197,0.8451906436438479,0.7877456049638056,0.7519330956950918,0.8271400132714002,0.3680233983682379,0.1141401971827858,,
LogisticRegression,unweighted_diagnostic,Global,M4,primary,test,fixed_0.5,0.5,462710,99107,99307,0.3336992932938558,0.3336494899452107,0.3338536054860181,,0.9136027158296116,0.8472726219800617,0.8415136597563251,0.7907254544619201,0.8031608748405563,0.7786692405139651,0.3422305134330198,0.1050442594209966,,
LogisticRegression,balanced,Global,M5,primary,test,fixed_0.5,0.5,462710,99107,99307,0.3336992932938558,0.3336494899452107,0.3338536054860181,,0.8228903722789571,0.6285875571398801,0.7900207184764231,0.717880031684309,0.6869435792839227,0.7517343306991615,0.4964769411402602,0.1618718110777409,,
LogisticRegression,balanced,Global,M5,primary,test,validation_balanced_accuracy,0.41,462710,99107,99307,0.3336992932938558,0.3336494899452107,0.3338536054860181,,0.8228903722789571,0.6285875571398801,0.8042467313199935,0.7319068255687974,0.6641596618001278,0.8150449417868131,0.4964769411402602,0.1618718110777409,,
LogisticRegression,unweighted_diagnostic,Global,M5,primary,test,fixed_0.5,0.5,462710,99107,99307,0.3336992932938558,0.3336494899452107,0.3338536054860181,,0.823237246853812,0.6297788666717528,0.77217709108207,0.696093459334772,0.6870244704914662,0.7054050793267781,0.4595588959283087,0.1502760612185167,,
LogisticRegression,balanced,Global,M6,primary,test,fixed_0.5,0.5,462710,99107,99307,0.3336992932938558,0.3336494899452107,0.3338536054860181,,0.9160384610622774,0.8435958925187246,0.8485440623436041,0.7924250940377882,0.7587558303204262,0.829221210110394,0.363532382799033,0.1128206675327005,,
LogisticRegression,balanced,Global,M6,primary,test,validation_balanced_accuracy,0.53,462710,99107,99307,0.3336992932938558,0.3336494899452107,0.3338536054860181,,0.9160384610622774,0.8435958925187246,0.8487857175344682,0.7939242274340919,0.7668784080049469,0.8229474573203837,0.363532382799033,0.1128206675327005,,
LogisticRegression,unweighted_diagnostic,Global,M6,primary,test,fixed_0.5,0.5,462710,99107,99307,0.3336992932938558,0.3336494899452107,0.3338536054860181,,0.9159899268540465,0.847797383168091,0.8444472764994878,0.7943723935658311,0.804760283512334,0.7842492610243108,0.3379630201687755,0.1038125710089032,,
LogisticRegression,balanced,Song,M0,primary,test,fixed_0.5,0.5,58360,12505,12508,0.4827278958190541,0.4827668932427029,0.4827310521266389,,0.5,0.4827310521266389,0.5,0.6511377116359323,0.4827310521266389,1.0,0.6931471805599452,0.25,,
LogisticRegression,balanced,Song,M0,primary,test,validation_balanced_accuracy,0.0,58360,12505,12508,0.4827278958190541,0.4827668932427029,0.4827310521266389,,0.5,0.4827310521266389,0.5,0.6511377116359323,0.4827310521266389,1.0,0.6931471805599452,0.25,,
LogisticRegression,unweighted_diagnostic,Song,M0,primary,test,fixed_0.5,0.5,58360,12505,12508,0.4827278958190541,0.4827668932427029,0.4827310521266389,,0.5,0.4827310521266389,0.5,0.0,0.0,0.0,0.6925506288209177,0.2497017834475286,,
LogisticRegression,balanced,Song,M0b,primary,test,fixed_0.5,0.5,58360,12505,12508,0.4827278958190541,0.4827668932427029,0.4827310521266389,,0.527043203451812,0.508076002753328,0.5263800156965699,0.1743383199079401,0.6630196936542669,0.1003643590592911,0.6874031672971124,0.2472288649078732,,
LogisticRegression,balanced,Song,M0b,primary,test,validation_balanced_accuracy,0.49,58360,12505,12508,0.4827278958190541,0.4827668932427029,0.4827310521266389,,0.527043203451812,0.508076002753328,0.5263800156965699,0.1743383199079401,0.6630196936542669,0.1003643590592911,0.6874031672971124,0.2472288649078732,,
LogisticRegression,unweighted_diagnostic,Song,M0b,primary,test,fixed_0.5,0.5,58360,12505,12508,0.4827278958190541,0.4827668932427029,0.4827310521266389,,0.527043203451812,0.508076002753328,0.526341311825722,0.1726722398385702,0.6655555555555556,0.0992050347797283,0.6868054766960446,0.2469534033974821,,
LogisticRegression,balanced,Song,M1,primary,test,fixed_0.5,0.5,58360,12505,12508,0.4827278958190541,0.4827668932427029,0.4827310521266389,,0.5702053788141358,0.5320182133317376,0.5474380699669738,0.6709779002418038,0.507960834397616,0.9880755216959258,0.6628888578794497,0.2372437633790176,,
LogisticRegression,balanced,Song,M1,primary,test,validation_balanced_accuracy,0.09,58360,12505,12508,0.4827278958190541,0.4827668932427029,0.4827310521266389,,0.5702053788141358,0.5320182133317376,0.5468092856524853,0.6725129866502821,0.5073746312684366,0.9970188804239816,0.6628888578794497,0.2372437633790176,,
LogisticRegression,unweighted_diagnostic,Song,M1,primary,test,fixed_0.5,0.5,58360,12505,12508,0.4827278958190541,0.4827668932427029,0.4827310521266389,,0.5702101656023955,0.5321193572374284,0.526633459496348,0.1619646250548165,0.6899128268991283,0.091752235839682,0.6621886310418349,0.2369808650568167,,
LogisticRegression,balanced,Song,M2,primary,test,fixed_0.5,0.5,58360,12505,12508,0.4827278958190541,0.4827668932427029,0.4827310521266389,,0.8679491504858717,0.8333329756735396,0.796873740908302,0.8024900092222563,0.7486377975336966,0.8646902947996025,0.4482844107288554,0.1443017227349589,,
LogisticRegression,balanced,Song,M2,primary,test,validation_balanced_accuracy,0.5,58360,12505,12508,0.4827278958190541,0.4827668932427029,0.4827310521266389,,0.8679491504858717,0.8333329756735396,0.796873740908302,0.8024900092222563,0.7486377975336966,0.8646902947996025,0.4482844107288554,0.1443017227349589,,
LogisticRegression,unweighted_diagnostic,Song,M2,primary,test,fixed_0.5,0.5,58360,12505,12508,0.4827278958190541,0.4827668932427029,0.4827310521266389,,0.8679739035567117,0.8337006297728972,0.7960895011654678,0.8007114685639162,0.7510517916727114,0.8574031136137794,0.4475902122242207,0.144033803322227,,
LogisticRegression,balanced,Song,M3,primary,test,fixed_0.5,0.5,58360,12505,12508,0.4827278958190541,0.4827668932427029,0.4827310521266389,,0.8952404221998441,0.8705744176225934,0.8251738218485398,0.8235199614426861,0.7995632506629231,0.8489566081483935,0.4090631695654084,0.127501196456125,,
LogisticRegression,balanced,Song,M3,primary,test,validation_balanced_accuracy,0.63,58360,12505,12508,0.4827278958190541,0.4827668932427029,0.4827310521266389,,0.8952404221998441,0.8705744176225934,0.8225423425978591,0.8100828729281767,0.8460151460512081,0.7770785028155018,0.4090631695654084,0.127501196456125,,
LogisticRegression,unweighted_diagnostic,Song,M3,primary,test,fixed_0.5,0.5,58360,12505,12508,0.4827278958190541,0.4827668932427029,0.4827310521266389,,0.8952841944347316,0.8709558580084187,0.825460440394759,0.822672064777328,0.8048162230671736,0.8413381914541239,0.4083962341503809,0.1271769312443844,,
LogisticRegression,balanced,Song,M4,primary,test,fixed_0.5,0.5,58360,12505,12508,0.4827278958190541,0.4827668932427029,0.4827310521266389,,0.8973276282667271,0.8728365881697275,0.8279286312908509,0.8267413931144916,0.8002169869807811,0.8550844650546539,0.4043255000681277,0.1252021633897702,,
LogisticRegression,balanced,Song,M4,primary,test,validation_balanced_accuracy,0.5700000000000001,58360,12505,12508,0.4827278958190541,0.4827668932427029,0.4827310521266389,,0.8973276282667271,0.8728365881697275,0.8305210483015093,0.8238820884336747,0.8285044381175682,0.8193110301424312,0.4043255000681277,0.1252021633897702,,
LogisticRegression,unweighted_diagnostic,Song,M4,primary,test,fixed_0.5,0.5,58360,12505,12508,0.4827278958190541,0.4827668932427029,0.4827310521266389,,0.8973549923129812,0.87332304944714,0.8301030106594351,0.8273684210526316,0.8094106463878327,0.8461411063265982,0.403626396946289,0.1248603053822633,,
LogisticRegression,balanced,Song,M5,primary,test,fixed_0.5,0.5,58360,12505,12508,0.4827278958190541,0.4827668932427029,0.4827310521266389,,0.8592685275583335,0.8087579692973633,0.8018177252465453,0.8009270358826821,0.7738996138996139,0.8299105664127194,0.4576470498464496,0.1443043527456707,,
LogisticRegression,balanced,Song,M5,primary,test,validation_balanced_accuracy,0.45,58360,12505,12508,0.4827278958190541,0.4827668932427029,0.4827310521266389,,0.8592685275583335,0.8087579692973633,0.8262100719144543,0.8340202322967404,0.7615984672232107,0.9216628022524016,0.4576470498464496,0.1443043527456707,,
LogisticRegression,unweighted_diagnostic,Song,M5,primary,test,fixed_0.5,0.5,58360,12505,12508,0.4827278958190541,0.4827668932427029,0.4827310521266389,,0.8592685275583335,0.8087579692973633,0.8018177252465453,0.8009270358826821,0.7738996138996139,0.8299105664127194,0.457018943892085,0.1442046505113968,,
LogisticRegression,balanced,Song,M6,primary,test,fixed_0.5,0.5,58360,12505,12508,0.4827278958190541,0.4827668932427029,0.4827310521266389,,0.9007690602485136,0.8809945821362193,0.8333272837203636,0.8316593009240658,0.8077103168409552,0.8570718781053329,0.3984575172473052,0.1223207350711048,,
LogisticRegression,balanced,Song,M6,primary,test,validation_balanced_accuracy,0.53,58360,12505,12508,0.4827278958190541,0.4827668932427029,0.4827310521266389,,0.9007690602485136,0.8809945821362193,0.834242686581071,0.8301979388189105,0.8201357466063348,0.8405101026830076,0.3984575172473052,0.1223207350711048,,
LogisticRegression,unweighted_diagnostic,Song,M6,primary,test,fixed_0.5,0.5,58360,12505,12508,0.4827278958190541,0.4827668932427029,0.4827310521266389,,0.9009827506677186,0.8819336307622693,0.833464615907598,0.8301334201106411,0.8157978893508154,0.8449817820470354,0.3977588803590868,0.1219143522743297,,
LogisticRegression,balanced,Ming,M0,primary,test,fixed_0.5,0.5,157781,33810,33812,0.1992635361672191,0.1992605737947352,0.1992783627114633,,0.5,0.1992783627114633,0.5,0.3323304562268804,0.1992783627114633,1.0,0.6931471805599453,0.25,,
LogisticRegression,balanced,Ming,M0,primary,test,validation_balanced_accuracy,0.0,157781,33810,33812,0.1992635361672191,0.1992605737947352,0.1992783627114633,,0.5,0.1992783627114633,0.5,0.3323304562268804,0.1992783627114633,1.0,0.6931471805599453,0.25,,
LogisticRegression,unweighted_diagnostic,Ming,M0,primary,test,fixed_0.5,0.5,157781,33810,33812,0.1992635361672191,0.1992605737947352,0.1992783627114633,,0.5,0.1992783627114633,0.5,0.0,0.0,0.0,0.4994003934871073,0.1595664970260031,,
LogisticRegression,balanced,Ming,M0b,primary,test,fixed_0.5,0.5,157781,33810,33812,0.1992635361672191,0.1992605737947352,0.1992783627114633,,0.6354331590958789,0.4071544403376419,0.6347600180177442,0.4237020316027088,0.8845428840716305,0.2785693084001187,0.5802667749523883,0.1945936673647032,,
LogisticRegression,balanced,Ming,M0b,primary,test,validation_balanced_accuracy,0.43,157781,33810,33812,0.1992635361672191,0.1992605737947352,0.1992783627114633,,0.6354331590958789,0.4071544403376419,0.6347603524024488,0.4236886632825719,0.8829337094499294,0.2787177203918076,0.5802667749523883,0.1945936673647032,,
LogisticRegression,unweighted_diagnostic,Ming,M0b,primary,test,fixed_0.5,0.5,157781,33810,33812,0.1992635361672191,0.1992605737947352,0.1992783627114633,,0.6354298316939822,0.4070853164699191,0.6349964225221978,0.4244767970882621,0.9084712755598832,0.2769367764915405,0.4200458946905965,0.1268479343381147,,
LogisticRegression,balanced,Ming,M1,primary,test,fixed_0.5,0.5,157781,33810,33812,0.1992635361672191,0.1992605737947352,0.1992783627114633,,0.7160004950428509,0.4383333856575643,0.6346485418316252,0.4234417344173441,0.8852691218130312,0.2782724844167408,0.5351498558056228,0.1882579570307134,,
LogisticRegression,balanced,Ming,M1,primary,test,validation_balanced_accuracy,0.49,157781,33810,33812,0.1992635361672191,0.1992605737947352,0.1992783627114633,,0.7160004950428509,0.4383333856575643,0.6346485418316252,0.4234417344173441,0.8852691218130312,0.2782724844167408,0.5351498558056228,0.1882579570307134,,
LogisticRegression,unweighted_diagnostic,Ming,M1,primary,test,fixed_0.5,0.5,157781,33810,33812,0.1992635361672191,0.1992605737947352,0.1992783627114633,,0.7160005114880004,0.4383335141021994,0.6348664784332938,0.4241665718511776,0.908824963432472,0.2766399525081626,0.3877564894385665,0.1216930268855289,,
LogisticRegression,balanced,Ming,M2,primary,test,fixed_0.5,0.5,157781,33810,33812,0.1992635361672191,0.1992605737947352,0.1992783627114633,,0.8156845223275027,0.6710001117458189,0.734090343028933,0.5724573780129336,0.5669577874818049,0.5780647076283764,0.4396894224288999,0.1447026116075511,,
LogisticRegression,balanced,Ming,M2,primary,test,validation_balanced_accuracy,0.51,157781,33810,33812,0.1992635361672191,0.1992605737947352,0.1992783627114633,,0.8156845223275027,0.6710001117458189,0.7331398627286103,0.5755677959707236,0.5854182655410591,0.5660433363015732,0.4396894224288999,0.1447026116075511,,
LogisticRegression,unweighted_diagnostic,Ming,M2,primary,test,fixed_0.5,0.5,157781,33810,33812,0.1992635361672191,0.1992605737947352,0.1992783627114633,,0.8155081316549545,0.6724029373190928,0.7171256639427579,0.6001007556675063,0.9344210856604958,0.4419709112496289,0.3251516758666344,0.0978111678112167,,
LogisticRegression,balanced,Ming,M3,primary,test,fixed_0.5,0.5,157781,33810,33812,0.1992635361672191,0.1992605737947352,0.1992783627114633,,0.8974794941594834,0.7720357091391514,0.8010927988159844,0.6972189580885232,0.7383441181350588,0.6604333630157316,0.3567367841556276,0.1130040636756442,,
LogisticRegression,balanced,Ming,M3,primary,test,validation_balanced_accuracy,0.45,157781,33810,33812,0.1992635361672191,0.1992605737947352,0.1992783627114633,,0.8974794941594834,0.7720357091391514,0.8015392955858391,0.6910537996479682,0.713382840891136,0.6700801424755121,0.3567367841556276,0.1130040636756442,,
LogisticRegression,unweighted_diagnostic,Ming,M3,primary,test,fixed_0.5,0.5,157781,33810,33812,0.1992635361672191,0.1992605737947352,0.1992783627114633,,0.8963278458281714,0.7728177504879041,0.7763258446727572,0.695604893520616,0.8931812892715848,0.5696052241021075,0.2619557720154079,0.0776476476978756,,
LogisticRegression,balanced,Ming,M4,primary,test,fixed_0.5,0.5,157781,33810,33812,0.1992635361672191,0.1992605737947352,0.1992783627114633,,0.8978349039876263,0.7726812762050066,0.8022831042118375,0.6978013410260409,0.7350525624178712,0.6641436628079549,0.3562106898491513,0.1129263208021474,,
LogisticRegression,balanced,Ming,M4,primary,test,validation_balanced_accuracy,0.46,157781,33810,33812,0.1992635361672191,0.1992605737947352,0.1992783627114633,,0.8978349039876263,0.7726812762050066,0.8028132464932967,0.6948356807511737,0.7216626698641088,0.669931730483823,0.3562106898491513,0.1129263208021474,,
LogisticRegression,unweighted_diagnostic,Ming,M4,primary,test,fixed_0.5,0.5,157781,33810,33812,0.1992635361672191,0.1992605737947352,0.1992783627114633,,0.897030177046505,0.7742591851877643,0.776622668656135,0.6960775432557297,0.8932806324110671,0.5701988720688632,0.2614795479830946,0.0775606013059178,,
LogisticRegression,balanced,Ming,M5,primary,test,fixed_0.5,0.5,157781,33810,33812,0.1992635361672191,0.1992605737947352,0.1992783627114633,,0.7819152878340779,0.4535896295188804,0.6801831871238952,0.4517098170893346,0.3215903371917463,0.7586821015138023,0.541847358768199,0.1811479473867558,,
LogisticRegression,balanced,Ming,M5,primary,test,validation_balanced_accuracy,0.61,157781,33810,33812,0.1992635361672191,0.1992605737947352,0.1992783627114633,,0.7819152878340779,0.4535896295188804,0.6836509428892193,0.5145190562613431,0.6620737972909855,0.4207479964381122,0.541847358768199,0.1811479473867558,,
LogisticRegression,unweighted_diagnostic,Ming,M5,primary,test,fixed_0.5,0.5,157781,33810,33812,0.1992635361672191,0.1992605737947352,0.1992783627114633,,0.7809272851845233,0.4550269246499752,0.6469134438942921,0.4476132686084142,0.7025396825396826,0.3284357376075987,0.3959369247246032,0.1255867967945475,,
LogisticRegression,balanced,Ming,M6,primary,test,fixed_0.5,0.5,157781,33810,33812,0.1992635361672191,0.1992605737947352,0.1992783627114633,,0.9020575661139408,0.776509717638805,0.801987617767278,0.6969319420650989,0.7331258191349934,0.6641436628079549,0.3499562107456301,0.1126257950782333,,
LogisticRegression,balanced,Ming,M6,primary,test,validation_balanced_accuracy,0.49,157781,33810,33812,0.1992635361672191,0.1992605737947352,0.1992783627114633,,0.9020575661139408,0.776509717638805,0.8020272286504849,0.6961180124223604,0.7298925431455552,0.6653309587414663,0.3499562107456301,0.1126257950782333,,
LogisticRegression,unweighted_diagnostic,Ming,M6,primary,test,fixed_0.5,0.5,157781,33810,33812,0.1992635361672191,0.1992605737947352,0.1992783627114633,,0.9011835886486632,0.778349744262157,0.7831531306751525,0.7062522457779374,0.8946290395994538,0.5834075393291778,0.2562398616846121,0.0763946382522505,,
CatBoost,balanced,Global,M0,primary,test,fixed_0.5,0.5,462710,99107,99307,0.3336992932938558,0.3336494899452107,0.3338536054860181,69.0,0.7397078653570248,0.5062324195327685,0.7128768294261183,0.6267357054128181,0.5291259111581833,0.7685045545032274,0.5840312594705276,0.20224280529942237,0.7406063984091766,0.5833672004334898
CatBoost,balanced,Global,M0,primary,test,validation_balanced_accuracy,0.44,462710,99107,99307,0.3336992932938558,0.3336494899452107,0.3338536054860181,69.0,0.7397078653570248,0.5062324195327685,0.7128768294261183,0.6267357054128181,0.5291259111581833,0.7685045545032274,0.5840312594705276,0.20224280529942237,0.7406063984091766,0.5833672004334898
CatBoost,unweighted,Global,M0b,primary,test,fixed_0.5,0.5,462710,99107,99307,0.3336992932938558,0.3336494899452107,0.3338536054860181,195.0,0.7850938940347647,0.5820325247066837,0.7108968248177507,0.6162160574508393,0.600475113769713,0.6328044881462267,0.5026320377673485,0.16802265899821778,0.7855068860431067,0.5021780813571034
CatBoost,unweighted,Global,M0b,primary,test,validation_balanced_accuracy,0.33,462710,99107,99307,0.3336992932938558,0.3336494899452107,0.3338536054860181,195.0,0.7850938940347647,0.5820325247066837,0.7466120462658965,0.6633086494004435,0.567334690815561,0.7983652048018338,0.5026320377673485,0.16802265899821778,0.7855068860431067,0.5021780813571034
CatBoost,unweighted,Global,M1,primary,test,fixed_0.5,0.5,462710,99107,99307,0.3336992932938558,0.3336494899452107,0.3338536054860181,235.0,0.8312875786355781,0.6396569166471665,0.7372689243906558,0.6494634327895292,0.6683689754229173,0.6315979972250709,0.45441173421637143,0.15149954283592218,0.8317574946536331,0.4533362370430445
CatBoost,unweighted,Global,M1,primary,test,validation_balanced_accuracy,0.35000000000000003,462710,99107,99307,0.3336992932938558,0.3336494899452107,0.3338536054860181,235.0,0.8312875786355781,0.6396569166471665,0.777496377520265,0.6991508610427744,0.6225855083388298,0.7971888761537069,0.45441173421637143,0.15149954283592218,0.8317574946536331,0.4533362370430445
CatBoost,unweighted,Global,M2,primary,test,fixed_0.5,0.5,462710,99107,99307,0.3336992932938558,0.3336494899452107,0.3338536054860181,499.0,0.9053414749703593,0.8314751427697115,0.8328895465039216,0.7803812180381218,0.8024923508414075,0.7594558725945587,0.3531939114247947,0.10986142574686847,0.9056805725108853,0.3524691543433208
CatBoost,unweighted,Global,M2,primary,test,validation_balanced_accuracy,0.31,462710,99107,99307,0.3336992932938558,0.3336494899452107,0.3338536054860181,499.0,0.9053414749703593,0.8314751427697115,0.8374417029712091,0.7812231854898364,0.766637630662021,0.7963744947819268,0.3531939114247947,0.10986142574686847,0.9056805725108853,0.3524691543433208
CatBoost,balanced,Global,M3,primary,test,fixed_0.5,0.5,462710,99107,99307,0.3336992932938558,0.3336494899452107,0.3338536054860181,499.0,0.9286572920536603,0.8677222381994363,0.8611869383928317,0.8102846969895956,0.7848480565371024,0.8374253483742535,0.3348606207695473,0.10354975956677884,0.9293885464668882,0.3344725918591629
CatBoost,balanced,Global,M3,primary,test,validation_balanced_accuracy,0.46,462710,99107,99307,0.3336992932938558,0.3336494899452107,0.3338536054860181,499.0,0.9286572920536603,0.8677222381994363,0.8601645233743829,0.8070352192748889,0.7718100481761871,0.8456294866381131,0.3348606207695473,0.10354975956677884,0.9293885464668882,0.3344725918591629
CatBoost,balanced,Global,M4,primary,test,fixed_0.5,0.5,462710,99107,99307,0.3336992932938558,0.3336494899452107,0.3338536054860181,498.0,0.9293126540993712,0.8685906769398187,0.8622436073541984,0.8116762752681894,0.7863465399734171,0.838692163841467,0.3331596113572059,0.10296145667496548,0.93022825154633,0.3322448352441471
CatBoost,balanced,Global,M4,primary,test,validation_balanced_accuracy,0.46,462710,99107,99307,0.3336992932938558,0.3336494899452107,0.3338536054860181,498.0,0.9293126540993712,0.8685906769398187,0.8616149980085914,0.8091481967496792,0.7751775205150168,0.846232732098691,0.3331596113572059,0.10296145667496548,0.93022825154633,0.3322448352441471
CatBoost,balanced,Global,M5,primary,test,fixed_0.5,0.5,462710,99107,99307,0.3336992932938558,0.3336494899452107,0.3338536054860181,146.0,0.8518772910188245,0.6818061948931599,0.8079848926027524,0.7390747491238687,0.69282528960076,0.7919406406466791,0.45787179934665784,0.14711339809106502,0.8519727688586746,0.4574501122356758
CatBoost,balanced,Global,M5,primary,test,validation_balanced_accuracy,0.5,462710,99107,99307,0.3336992932938558,0.3336494899452107,0.3338536054860181,146.0,0.8518772910188245,0.6818061948931599,0.8079848926027524,0.7390747491238687,0.69282528960076,0.7919406406466791,0.45787179934665784,0.14711339809106502,0.8519727688586746,0.4574501122356758
CatBoost,balanced,Global,M6,primary,test,fixed_0.5,0.5,462710,99107,99307,0.3336992932938558,0.3336494899452107,0.3338536054860181,499.0,0.937449963274869,0.8830972880451842,0.8695204183815717,0.8214447712274849,0.7976924607121544,0.8466550039210955,0.3139990843073898,0.09704768869917149,0.937861661098586,0.3141155168105463
CatBoost,balanced,Global,M6,primary,test,validation_balanced_accuracy,0.53,462710,99107,99307,0.3336992932938558,0.3336494899452107,0.3338536054860181,499.0,0.937449963274869,0.8830972880451842,0.8689453953667949,0.8218608559760574,0.8038356164383562,0.8407130361344031,0.3139990843073898,0.09704768869917149,0.937861661098586,0.3141155168105463
CatBoost,constant_unweighted,Song,M0,primary,test,fixed_0.5,0.5,58360,12505,12508,0.4827278958190541,0.48276689324270294,0.48273105212663897,,0.5,0.48273105212663897,0.5,0.0,0.0,0.0,0.6925506288244837,0.2497017834493094,0.5,0.6925531060161061
CatBoost,constant_unweighted,Song,M0,primary,test,validation_balanced_accuracy,0.0,58360,12505,12508,0.4827278958190541,0.48276689324270294,0.48273105212663897,,0.5,0.48273105212663897,0.5,0.6511377116359323,0.48273105212663897,1.0,0.6925506288244837,0.2497017834493094,0.5,0.6925531060161061
CatBoost,balanced,Song,M0b,primary,test,fixed_0.5,0.5,58360,12505,12508,0.4827278958190541,0.48276689324270294,0.48273105212663897,67.0,0.526373629045924,0.50696708158673,0.5261592346872691,0.17473774967667768,0.6601520086862106,0.10069559456773766,0.6871383425496189,0.24713648214910894,0.5302247406710361,0.6849314822858148
CatBoost,balanced,Song,M0b,primary,test,validation_balanced_accuracy,0.5700000000000001,58360,12505,12508,0.4827278958190541,0.48276689324270294,0.48273105212663897,67.0,0.526373629045924,0.50696708158673,0.5262254561911602,0.1742881794650561,0.6615720524017468,0.10036435905929116,0.6871383425496189,0.24713648214910894,0.5302247406710361,0.6849314822858148
CatBoost,unweighted,Song,M1,primary,test,fixed_0.5,0.5,58360,12505,12508,0.4827278958190541,0.48276689324270294,0.48273105212663897,66.0,0.569203775368058,0.5319542640985114,0.5262969508414764,0.16741621935296677,0.6748538011695906,0.09556144418681682,0.6583187773392429,0.23590814445326044,0.5740277385518636,0.653554382533609
CatBoost,unweighted,Song,M1,primary,test,validation_balanced_accuracy,0.47000000000000003,58360,12505,12508,0.4827278958190541,0.48276689324270294,0.48273105212663897,66.0,0.569203775368058,0.5319542640985114,0.5465717892809733,0.6718881118881119,0.5073075948297711,0.9945346141106327,0.6583187773392429,0.23590814445326044,0.5740277385518636,0.653554382533609
CatBoost,unweighted,Song,M2,primary,test,fixed_0.5,0.5,58360,12505,12508,0.4827278958190541,0.48276689324270294,0.48273105212663897,276.0,0.8719199833307139,0.8466230223909261,0.7982976952254475,0.8030583873957368,0.7523878437047757,0.8610467042066909,0.44046918450332484,0.14212696099859104,0.872409629896201,0.4362752972279995
CatBoost,unweighted,Song,M2,primary,test,validation_balanced_accuracy,0.42000000000000004,58360,12505,12508,0.4827278958190541,0.48276689324270294,0.48273105212663897,276.0,0.8719199833307139,0.8466230223909261,0.793745766764126,0.805165887330216,0.7295225285810356,0.8983106989069228,0.44046918450332484,0.14212696099859104,0.872409629896201,0.4362752972279995
CatBoost,balanced,Song,M3,primary,test,fixed_0.5,0.5,58360,12505,12508,0.4827278958190541,0.48276689324270294,0.48273105212663897,496.0,0.91636355887212,0.9090734989188977,0.8471319458985416,0.8419135904651548,0.8414956982131039,0.8423318979794634,0.3634397467829549,0.11219933197123363,0.9182581076763381,0.3587606492831281
CatBoost,balanced,Song,M3,primary,test,validation_balanced_accuracy,0.46,58360,12505,12508,0.4827278958190541,0.48276689324270294,0.48273105212663897,496.0,0.91636355887212,0.9090734989188977,0.8469008745743727,0.8434619463251488,0.8310561003054171,0.8562437893342166,0.3634397467829549,0.11219933197123363,0.9182581076763381,0.3587606492831281
CatBoost,unweighted,Song,M4,primary,test,fixed_0.5,0.5,58360,12505,12508,0.4827278958190541,0.48276689324270294,0.48273105212663897,488.0,0.9185493676575915,0.9117028447079614,0.8509960615227721,0.8457010198159357,0.8467541092478831,0.844650546538589,0.3578780719372017,0.1098422708512462,0.92100827109346,0.35157739253391906
CatBoost,unweighted,Song,M4,primary,test,validation_balanced_accuracy,0.44,58360,12505,12508,0.4827278958190541,0.48276689324270294,0.48273105212663897,488.0,0.9185493676575915,0.9117028447079614,0.8495234969868832,0.8471862871927555,0.8276461295418641,0.8676714143756211,0.3578780719372017,0.1098422708512462,0.92100827109346,0.35157739253391906
CatBoost,balanced,Song,M5,primary,test,fixed_0.5,0.5,58360,12505,12508,0.4827278958190541,0.48276689324270294,0.48273105212663897,16.0,0.9150491247344867,0.8971840465657248,0.8388262283231445,0.8388580491673275,0.8047778454047474,0.8759523020867837,0.3962996886468118,0.12049964205691012,0.9159860437014415,0.3935488859418892
CatBoost,balanced,Song,M5,primary,test,validation_balanced_accuracy,0.46,58360,12505,12508,0.4827278958190541,0.48276689324270294,0.48273105212663897,16.0,0.9150491247344867,0.8971840465657248,0.8390581955702499,0.8393478949034504,0.8037284025462261,0.8782709506459092,0.3962996886468118,0.12049964205691012,0.9159860437014415,0.3935488859418892
CatBoost,balanced,Song,M6,primary,test,fixed_0.5,0.5,58360,12505,12508,0.4827278958190541,0.48276689324270294,0.48273105212663897,484.0,0.9396095593441436,0.9412052728371534,0.8724861298330562,0.8671293586420269,0.8756966728593143,0.8587280556475654,0.3052998502331488,0.09272659494506104,0.9432600053739929,0.2983301330787107
CatBoost,balanced,Song,M6,primary,test,validation_balanced_accuracy,0.53,58360,12505,12508,0.4827278958190541,0.48276689324270294,0.48273105212663897,484.0,0.9396095593441436,0.9412052728371534,0.8727724924012936,0.8661243856973394,0.8867106176266482,0.8464723418350447,0.3052998502331488,0.09272659494506104,0.9432600053739929,0.2983301330787107
CatBoost,constant_unweighted,Ming,M0,primary,test,fixed_0.5,0.5,157781,33810,33812,0.19926353616721912,0.19926057379473527,0.19927836271146337,,0.5,0.19927836271146337,0.5,0.0,0.0,0.0,0.49940039367614536,0.15956649708632822,0.5,0.49937565100724063
CatBoost,constant_unweighted,Ming,M0,primary,test,validation_balanced_accuracy,0.0,157781,33810,33812,0.19926353616721912,0.19926057379473527,0.19927836271146337,,0.5,0.19927836271146337,0.5,0.3323304562268804,0.19927836271146337,1.0,0.49940039367614536,0.15956649708632822,0.5,0.49937565100724063
CatBoost,balanced,Ming,M0b,primary,test,fixed_0.5,0.5,157781,33810,33812,0.19926353616721912,0.19926057379473527,0.19927836271146337,121.0,0.6353996246953783,0.40572419281214595,0.6347603524024488,0.42368866328257193,0.8829337094499294,0.27871772039180764,0.581138868190644,0.1948496509070954,0.6326693225060184,0.582412004320378
CatBoost,balanced,Ming,M0b,primary,test,validation_balanced_accuracy,0.43,157781,33810,33812,0.19926353616721912,0.19926057379473527,0.19927836271146337,121.0,0.6353996246953783,0.40572419281214595,0.6347603524024488,0.42368866328257193,0.8829337094499294,0.27871772039180764,0.581138868190644,0.1948496509070954,0.6326693225060184,0.582412004320378
CatBoost,unweighted,Ming,M1,primary,test,fixed_0.5,0.5,157781,33810,33812,0.19926353616721912,0.19926057379473527,0.19927836271146337,79.0,0.7160943612148125,0.43712059403232806,0.6347550022471748,0.4239043824701195,0.9096238397655105,0.2763431285247848,0.3879644626680221,0.12175673192062791,0.7148212727022345,0.3892571253778697
CatBoost,unweighted,Ming,M1,primary,test,validation_balanced_accuracy,0.25,157781,33810,33812,0.19926353616721912,0.19926057379473527,0.19927836271146337,79.0,0.7160943612148125,0.43712059403232806,0.6346485418316252,0.4234417344173442,0.8852691218130312,0.27827248441674085,0.3879644626680221,0.12175673192062791,0.7148212727022345,0.3892571253778697
CatBoost,unweighted,Ming,M2,primary,test,fixed_0.5,0.5,157781,33810,33812,0.19926353616721912,0.19926057379473527,0.19927836271146337,198.0,0.8169284087609846,0.6762010345200384,0.7163433243316971,0.5995743387047735,0.9453499520613614,0.4390026714158504,0.3214268961695832,0.09693435012899212,0.8170941746124576,0.32147987776880704
CatBoost,unweighted,Ming,M2,primary,test,validation_balanced_accuracy,0.19,157781,33810,33812,0.19926353616721912,0.19926057379473527,0.19927836271146337,198.0,0.8169284087609846,0.6762010345200384,0.7342776203903889,0.568923386517177,0.5515607580824972,0.5874146631047789,0.3214268961695832,0.09693435012899212,0.8170941746124576,0.32147987776880704
CatBoost,balanced,Ming,M3,primary,test,fixed_0.5,0.5,157781,33810,33812,0.19926353616721912,0.19926057379473527,0.19927836271146337,444.0,0.9114348452060844,0.7921249995914902,0.8124499944119383,0.711323518076004,0.7400160384923817,0.684772929652716,0.3328951790370162,0.10688465464504301,0.9128076119365252,0.33337384940045567
CatBoost,balanced,Ming,M3,primary,test,validation_balanced_accuracy,0.5,157781,33810,33812,0.19926353616721912,0.19926057379473527,0.19927836271146337,444.0,0.9114348452060844,0.7921249995914902,0.8124499944119383,0.711323518076004,0.7400160384923817,0.684772929652716,0.3328951790370162,0.10688465464504301,0.9128076119365252,0.33337384940045567
CatBoost,balanced,Ming,M4,primary,test,fixed_0.5,0.5,157781,33810,33812,0.19926353616721912,0.19926057379473527,0.19927836271146337,490.0,0.9123678251265788,0.793525939968536,0.8141003254538921,0.7138016019716574,0.7419148254883126,0.6877411694864946,0.3311809044074465,0.10632543141332652,0.9131687814672189,0.33196716973077894
CatBoost,balanced,Ming,M4,primary,test,validation_balanced_accuracy,0.52,157781,33810,33812,0.19926353616721912,0.19926057379473527,0.19927836271146337,490.0,0.9123678251265788,0.793525939968536,0.8142061171000325,0.715957529256762,0.7492295214922953,0.6855149896111605,0.3311809044074465,0.10632543141332652,0.9131687814672189,0.33196716973077894
CatBoost,balanced,Ming,M5,primary,test,fixed_0.5,0.5,157781,33810,33812,0.19926353616721912,0.19926057379473527,0.19927836271146337,65.0,0.7978170511334293,0.5327161655973157,0.6890980916544309,0.4609878310665712,0.3299602920456001,0.7646185811813595,0.49693540641665995,0.16922560651252028,0.7977683397530558,0.49756834767133234
CatBoost,balanced,Ming,M5,primary,test,validation_balanced_accuracy,0.5800000000000001,157781,33810,33812,0.19926353616721912,0.19926057379473527,0.19927836271146337,65.0,0.7978170511334293,0.5327161655973157,0.6912996641045344,0.5340343629706131,0.7268080756452849,0.42208370436331255,0.49693540641665995,0.16922560651252028,0.7977683397530558,0.49756834767133234
CatBoost,balanced,Ming,M6,primary,test,fixed_0.5,0.5,157781,33810,33812,0.19926353616721912,0.19926057379473527,0.19927836271146337,494.0,0.9170144130551858,0.8015169579763533,0.8173017026891086,0.7281076801266825,0.7803801765105227,0.682398337785693,0.3219158050897358,0.10221046860008828,0.9178014712485417,0.3220710315247041
CatBoost,balanced,Ming,M6,primary,test,validation_balanced_accuracy,0.5,157781,33810,33812,0.19926353616721912,0.19926057379473527,0.19927836271146337,494.0,0.9170144130551858,0.8015169579763533,0.8173017026891086,0.7281076801266825,0.7803801765105227,0.682398337785693,0.3219158050897358,0.10221046860008828,0.9178014712485417,0.3220710315247041
